7ceb59f89a14551ad717dd1c9b2492359ba58ef2	.gitignore
6fa991dad24b57eb19c9cefba8ea12fd1870ed07	.oxlintrc.json
a9a53ea8a18046b7d68db1f0eff0a3d150b4e5d4	ARCHITECTURE.md
d6af7e39ffac6183b891838d6ab1d6eb7ac70dda	README.md
2dba5de2ca2e2b8bba8025dd74a936e1687ce32d	docs/acik-kaynak-entegrasyon-durumu.md
11ed459879f51f06ed11f096f10ed67cea151019	docs/integrations/cropforge.md
6eca1615193a06858a60f7537cda7b3eead50ada	docs/mapbox-setup.md
1a77d5b944eb82092813fabc3f306ea572bb7a65	index.html
6893eb13237060adc0c968a690149a49faa2d7d3	public/favicon.svg
e9522193d9f796a9748e9ad8c952a5df73c87db9	public/icons.svg
78496e6add73223927bb31e00d08b480aa9f46dd	public/sw.js
e4fba2183587225f216eeada4c78dfab6b2e65f5	services/model-gateway/.python-version
7aaccdf4d4ba27cfedfb18b53328154c6d8d624a	services/model-gateway/Dockerfile
dda5c69632a8becefc77a0b45698bfb99496ad0d	services/model-gateway/README.md
5009e3aab092cb17ba011cb35b94f7b4a1848fe2	services/model-gateway/agrifm_cube.py
e3c87ae7a0a0c34b2868c64d65ba37b7043ac241	services/model-gateway/agrifm_evidence.py
921ceb4a65d965922a3f162be11b640eaf1a1926	services/model-gateway/agrifm_evidence_test.py
b9c9449c2107dce3bdb1f8aed34f92806b2524bb	services/model-gateway/agrifm_geotiff.py
5914ebab648f6de14141ac85c16a69c3cfd25264	services/model-gateway/aquacrop_runner.py
85af88e2387fca08b1b61628adfebd5b8c40b42f	services/model-gateway/cropforge_runner.py
ebbc266c05bb81e2f12f7df62c83145837190f08	services/model-gateway/cropforge_runner_test.py
48b59f38fed2dba0c6c49db6ff23485f9a89100e	services/model-gateway/dssat_adapter.py
433c0b1410d12998045b6fd0876822ff458ab538	services/model-gateway/dssat_runner.py
026e83a89c4efa17f02b4bcaa7f201d4d9a07651	services/model-gateway/dual_app.py
b0142bde1a460cf98ee5503b359625bf28b7e83d	services/model-gateway/dual_smoke_test.py
1e02f7dc86d7bc4dc252c021bf771bb16794d54a	services/model-gateway/engine_registry.py
2b211dc2a832618bc17a534366404e3487e6c5a3	services/model-gateway/pcse_runner.py
78d153785940f233835ab35ce394fcae148260dc	services/model-gateway/plantcv_runner.py
5bdccd0e6158ded90bf5d3eac067e8b38109b9ae	services/model-gateway/plantvillage_shadow_runner.py
97e22fe777bebab5c82b2abd9622e566d49ba78e	services/model-gateway/pyfao56_dual_runner.py
fba4f0f834b8feec8a0f452ecc80772825bfb379	services/model-gateway/requirements-pilot.txt
c04a95cf1ebc0d4d38e761835d8970d04a7ba2db	services/model-gateway/requirements.txt
72d41fd5d389a57ced6d0294866911ff0dbab8f5	services/model-gateway/smoke_test.py
5b397c1e8602e7f8ef879b170dc64d67ca4ed1fa	services/model-gateway/test_agrifm_geotiff.py
e05b69e8928d027f00c55000c3cee295a7a64352	services/model-gateway/vercel.json
f90339d8f765fa2c69d9a341959a8ddb9fff5720	src/App.css
02251f4b956c55af2d76fd0788124d7eee2b45eb	src/assets/hero.png
3146cfea937a345b1e35f833eab9cbbf6d7ee423	src/assets/home/bell.webp
32ce5cd44b56c82ae91e806b693ab8e2e7b9fdf7	src/assets/home/document.webp
5a3c56366c4aa3983f597b27ea57cc6fb57379ce	src/assets/home/leaf-gold.webp
649a89df891fce05f31c746dd04e877175a1c98e	src/assets/home/leaf-green.webp
1dff92b975449f3cab835478adc785a0efe7b656	src/assets/home/pusula-sprout.webp
f2491ffa6c0a0c589c6b56f1980d05bbd42c5a09	src/assets/home/rain.webp
a0121039c66fbdf41f6ac590360e0ff3933bd61b	src/assets/home/today-bg.webp
8fe2c13b402e14e6cb7162ce450492d609af95e7	src/assets/home/water.webp
3349f78caff5e60e01242457f95ea1306831dcc7	src/assets/login-bg.webp
ecb5704bef07b63159251c93602fb9db8e5754ed	src/assets/pest-store/hero.jpg
66ff9855fb1fd751664332bb0a8dce0e0ccb5ea6	src/assets/pusula/pusulaAssets.css
bb4d51b0a28211d7de96440b890930b9a11bcfbc	src/assets/pusula/pusulaAssets.ts
6c87de9bb3358469122cc991d5cf578927246184	src/assets/react.svg
3e9d93c9853cbaa7055fac6e6ba710fed72f7f9d	src/assets/soil/soil-hero.png
322b6538315becb673755a2c5e7aa8249f292e1b	src/assets/soil/soil-step-1.png
3c26dd331412516e1fe36c7a0f82512302af2104	src/assets/soil/soil-step-2.png
b104bf0bdd09a1264a65960e6da0885b52592a95	src/assets/soil/soil-step-3.png
4857aef66876b48f6821b5d98b5fbed3df11dec3	src/assets/soil/soil-step-4.png
5101b674df391399da71c767aa5c976426c9dc7a	src/assets/vite.svg
4cfb635229e26c6eb0b7093e35f3e45db438de3a	src/components/AgriculturalSupportScreen.css
30b8a63c4876bb2e95a4b6c574de971da29cbd59	src/components/AppIcons.tsx
aeae2fbca648b881d609861bc7944e4b1544c9b1	src/components/GbifObservationMap.tsx
c102d050cbfbb891c89bf48d63ac897e716f2b65	src/components/MapCompass.tsx
eb2327acb05e8e79ee3d63b4e2d264a991ffd3e3	src/components/MapTopNav.tsx
23427b186d417a9c9f6c81104432e9b0b47b2d46	src/components/MarketPricesScreen.css
06e87249b07706bf2c24f3b9817f1af11ae2bb3b	src/components/MobileWheelPicker.css
6de8ce1bdec878da525b0da48bc0e85245329e33	src/components/MobileWheelPicker.tsx
5d15078a9b08dbb348d799646960630156bc2055	src/components/PlantNutritionScreen.css
8e214bdb88ff595259b3345a17ea3a2d9a4b348c	src/components/ProducerMarketScreen.css
2ca22f21dea1dd8c0c6f3ef56331d81db13ec683	src/components/PusulaDepotGuide.css
53aeb83cd3db03081921d61891f386e55659f545	src/components/PusulaDepotGuide.tsx
3909782713e442d0a96597709e9a5a0d9104ea0d	src/components/PusulaInsightCard.css
76aa54eeaccdbef23f4518414494221671fc6e32	src/components/PusulaInsightCard.tsx
91841f415e2f7db6877732ce83c2cbaae6443bcb	src/components/PusulaIntroTrailer.css
fd64d487aa443629eb661c02bf000a976885cf68	src/components/PusulaIntroTrailer.tsx
ca7021d32bd0667034175588b7da5b4710ca37a1	src/components/PusulaPointsModal.tsx
98dd3633708ea2eaa7ccdd57343a5e557de12563	src/components/SatelliteHealthMap.tsx
d051826e6c2322daa3220ad655a01832f8930f1f	src/data/crops.ts
48d8b7fa1511481bbca55dbb7e5fcf5ad6078cc6	src/data/onboarding.ts
f786f2a50fc55f7d663ec970aad2fc4b361aa7a5	src/entitlements/useEntitlementStore.ts
cc30b82a50d9567f8f7315b1672f6e8c292a5a72	src/features/admin-ui/AdminUiRuntime.tsx
6d8c8747bf088a86702feede415ef3ba1ce7f2ff	src/features/app-shell/hooks/useAdminRole.ts
5a8facbbc2347e7347860707ecd7aba86d2e7b0f	src/features/app-shell/hooks/useMenuHistory.ts
e760649aed5bac26543d1efbb473ecf56c381faa	src/features/auth/hooks/useAuthOnboardingController.ts
16a59ef3a7172b0598076d4f56ac6ef2da53c38e	src/features/calendar/components/WeeklyFieldPlan.css
c601ad8e2de019cfc0fddb0390222d157a3502bd	src/features/calendar/components/WeeklyFieldPlan.tsx
5ae35283e67a19334772e6994d9221e94dd23f66	src/features/calendar/hooks/useCalendarController.ts
a2d6662f258248eaf596a847614efb8511c46518	src/features/calendar/hooks/useNextCalendarItem.ts
de85979b7b63d86f7de072aac550e97e43e92ecb	src/features/calendar/services/weeklyFieldPlan.test.mjs
95ffb6a7e83c77f477b67d0d0d27b42a272fc14d	src/features/calendar/services/weeklyFieldPlan.ts
f6dcf2a58ea821f53e3b10347bac6a6a8be8a8ce	src/features/cms/hooks/useAppCms.ts
6e85b6fde84d8876f967ad9b27a4bf192aa03eb6	src/features/decision/components/HomeFieldDataStatus.css
cea7d0607d88c9f81a4510ee1a2bf606b06a87d6	src/features/decision/components/HomeFieldDataStatus.tsx
131d0e78a1186e5e19466833d512480b9d41b101	src/features/decision/services/buildRiskRadarDecision.test.mjs
619306f0413ea11e36d2b821217ceb91059e5fc2	src/features/decision/services/homeFieldDataStatus.service.ts
06d4ff3603efcc59df19d6fe51b97cc7671ccf30	src/features/decision/services/turkeyOfficialPlantProtectionGuard.test.mjs
6f09b39a20d5c757ed65a4352ba66d228942de35	src/features/decision/services/turkeyOfficialPlantProtectionGuard.ts
75e01ff781138035ead397fa4ee776d3a6c21ab7	src/features/field-changes/components/PusulaFieldChange.css
86f7a9d5a5d3767997ab8928c865cf9657a572b2	src/features/field-changes/components/PusulaFieldChange.tsx
65e081721d28f7aee3dbcb9b7b8030c7d8550b98	src/features/field-changes/services/fieldChangePresentation.test.mjs
0bdc1322137429131a7d2b0357dcf026bfb089e1	src/features/field-changes/services/fieldChangePresentation.ts
15745a3082d579c67411a8e9fa5c3f6401be9f34	src/features/field-changes/services/operationSatelliteFollowUp.test.mjs
8d4f317001da6d5fe65874c16bff26fe95eabe32	src/features/field-changes/services/operationSatelliteFollowUp.ts
2e1fa6345eb169b9c707b7fbc13dcb0488d374fe	src/features/field-detail/components/FieldCostSummary.css
6c5b706e898f88f5617fcf59374b49ba0f22a08b	src/features/field-detail/components/FieldCostSummary.tsx
c824b9814955b2e49b16635dc0c166f443899f78	src/features/field-detail/components/FieldGrowthObservations.css
9d392ab85dbce25fccdcfc9d9357058e127ee0d2	src/features/field-detail/components/FieldGrowthObservations.tsx
4c4db706eb3ddbe5238b2de706692152d0e6df4c	src/features/field-detail/components/FieldGrowthStatus.css
fb2b0ad401ae46331c32c0937f00c3669c1a586d	src/features/field-detail/components/FieldIrrigationMethod.tsx
86d113033e8185ef44a827c553e2fb81428efb37	src/features/field-detail/components/FieldSeasonSummary.css
40b328f955e3af3d17cdb990fdc482e08c3cf5fa	src/features/field-detail/components/FieldSeasonSummary.tsx
96800a90811d5251a152d8d32e744a55ade4710b	src/features/field-detail/components/PcsePilotReadiness.css
ea979d42367fb6bcf1fb06dd0bbdabbb8b010ff9	src/features/field-detail/components/PcsePilotReadiness.tsx
5f9527e14e899c409d73b8a174f14541f0d937c7	src/features/field-detail/components/SeasonModelInputs.css
63adb4886936859b94f32112ec257186df10a500	src/features/field-detail/components/SeasonModelInputs.tsx
350976dc51cafaa9ca6e91362aeec1d7b7d48f68	src/features/field-detail/hooks/useFieldProductionHistory.ts
c6c7913366cfc170c33ad0019f22a8d0dbca2997	src/features/field-detail/hooks/useFieldSections.ts
d1b8269b98d0b1fd7351f9c330c9bab14a9a0db6	src/features/field-detail/services/fieldCostSummary.test.mjs
8ab7abe4c9057d80231583837f29af07f7824655	src/features/field-detail/services/fieldCostSummary.ts
e2f761a1d375daaf4f52fb39ae6017e164400580	src/features/field-detail/services/fieldSeasonSummary.test.mjs
187c7f325839310d7f1a43a3fe2a3f28e927e490	src/features/field-detail/services/fieldSeasonSummary.ts
adaa33db7e6f4fd6a5cd73bde6d51a4cbcf29fc3	src/features/field-detail/services/seasonModelInputs.service.ts
058c52b715829871eeaf451ef12aab0c5173dd81	src/features/field-events/services/fieldEventCandidateFeedback.service.ts
8ab94b1c5499e4cb688b39cde21d691b42624cf0	src/features/field-observations/components/NdviObservationFollowUpPrompt.tsx
f02cda9a6d63525f96db2f402cf345e395780975	src/features/field-observations/components/NdviObservationPhotoModal.tsx
44e889d8ce39ea8ecb814a6b97f9a58cf51ebf44	src/features/field-observations/components/NdviObservationTimelineModal.tsx
8d3af8c1ff4c202d9bc00e9580a718c6804ba5fe	src/features/field-observations/hooks/useNdviObservationFollowUp.ts
e6f4301e6ac9201784899381eeeb1eec57dc9f7f	src/features/field-observations/services/fieldObservation.service.ts
f2a1eedb9f91864b2e85d5eafa5dba5ac11dc1d8	src/features/field-observations/types/fieldObservation.ts
f8c28bfa887300b208f063267e99ff29fb919c7c	src/features/field-operations/hooks/useRecentFieldOperations.ts
999122f5147d414e4c7addeb62072654d4d5ddda	src/features/field-operations/services/openAgriOcsm.service.ts
86977f682e37001a1d8f6041073b931c9ebc0600	src/features/field-operations/types/fieldOperation.ts
dd0d95216a9086e169a3b4636825f64fdffb86fb	src/features/fields/data/canopyDevelopmentProfiles.ts
b6be77e3b8032652f4b8ad894df1bf841ed69193	src/features/fields/hooks/useHomeFieldSelection.ts
05728aa969c06485eadfa768eafa73b145195c18	src/features/fields/services/fieldCompletion.service.ts
e87fac9bea89ffc610333ba21b287725b7b3f8e6	src/features/fields/services/fieldOrder.service.ts
f64afec2889f71c07b81868e84d742f693935748	src/features/fields/services/fieldProfileCompletion.service.ts
486263fbea326a3779c4a7690b84a91ff15c0992	src/features/fields/services/irrigationMethod.service.ts
fdb37fc7d58e2e93f20851549529b89430356f80	src/features/home/components/HomeTodayDecisionSystem.css
b6edac55b3b073c5c48b0ee8dbdfb5f6747825b2	src/features/home/homeAssets.ts
01d6691dd7c34d74550fd36265d9ede3f4b81c2e	src/features/home/homeFormatters.ts
003c5cc384a81b2fbd2ea21ec57146f56594e698	src/features/home/hooks/useHomeProfile.ts
be4f52a4fcc8dac4cf6995880a30aab6f7160c59	src/features/home/services/homeProfile.service.ts
89ba812dbf9eb31c3674d2c6dd192b20746d6bde	src/features/home-map/hooks/useEarthSearchNdvi.ts
d68821b29717dd957bc44f961aa34b23614358f0	src/features/home-map/hooks/useEnsureHomeSatellite.ts
e12f3f68f3044735f182056e74b3b6ade44846e9	src/features/home-map/hooks/useHomeSatelliteDate.ts
8b1ea54b9e43223e3d8478263de7042567712bcf	src/features/home-map/services/earthSearchNdvi.service.ts
e7d2c5365baa7ce0435e005a58e43dc93ff51183	src/features/home-map/services/fieldMapLayerCache.ts
3966a65cc389ef89ac4428cc7f0c004e41a25a24	src/features/home-map/services/homeSatelliteDate.service.ts
c7f63a9eb525354eaa1fec676bafaab93dfc0d87	src/features/home-map/services/jrcSurfaceWater.service.ts
b85e5ac17b5bec0b55474f2bbcfbc8af1a0d5aa7	src/features/home-map/services/useEarthSearchNdvi.ts
62b3516dafecffcffc97bef312c53d6a289e959e	src/features/home-map/utils/ndviPercentages.ts
101368938cd24b32b209c2adb30f9b412930bb89	src/features/irrigation/components/DualKcShadowStatus.tsx
77569a62e30f6ad7f5125d65d5b7c82e6e6f9618	src/features/irrigation/components/FieldWaterMeasurements.css
bf9e4721bf4a6f03dab39e5ee7ea20d9ff148d94	src/features/irrigation/components/FieldWaterMeasurements.tsx
88a52b555d299a679602632b5fa0ac71a8e8fa73	src/features/irrigation/components/IrrigationDecisionDetailModal.css
997f1237bb4282e9f3528fc5bb62ba8920cad04e	src/features/irrigation/data/cropCoefficientProfiles.ts
3e166d2cc058bda30aad733c5f5c9a63f86c85c2	src/features/irrigation/data/rootZoneProfiles.ts
b6e1599deb2602def4b610aba00ceffd4aa4a920	src/features/irrigation/services/aquaCropPilotEvidence.service.ts
453661a3c7e8b115f3441c69d2fec4ce5b468b24	src/features/irrigation/services/cropCoefficient.service.ts
207b170b4a4081a42227af500d6714af0ec721e5	src/features/irrigation/services/dailyKcSnapshot.service.ts
59204859d7e1e33a7d7579ab60a342bdffb92929	src/features/irrigation/services/digitalTwinIrrigationScenario.service.test.mjs
51f04008b64e64553cae62ed67e4a764606d12c3	src/features/irrigation/services/digitalTwinIrrigationScenario.service.ts
d71ff2e9cfe5083d13dc2741042b438210f1e172	src/features/irrigation/services/dssatShadowReadiness.service.ts
b7a7d26d8cf6ac33fe6a0c83939a9be769ca8140	src/features/irrigation/services/dssatShadowRun.service.ts
3a2df739b00646cfc36a8b9a4edae3ea489644ea	src/features/irrigation/services/dualKcProductionComparison.service.ts
71b370f1a53c551c61774d0494da91d70ce9e2f7	src/features/irrigation/services/dualKcRuntimeValidation.service.test.mjs
a2f2772814a9ae2c89dc672245198d352713358b	src/features/irrigation/services/dualKcRuntimeValidation.service.ts
1acd467b67cfb56562926865d814d9bc87320731	src/features/irrigation/services/dualKcShadow.service.ts
da53ff3306f33bada8996fba6050d998be6bb331	src/features/irrigation/services/dualKcValidationHistory.service.test.mjs
9628cd8dd5f3be1147f7a6e8ca933d884cd530e0	src/features/irrigation/services/dualKcValidationHistory.service.ts
5ea2d6adeba636f8274b7920f9ed0d2f45ef0dd0	src/features/irrigation/services/homeDualKcEvidenceSnapshot.ts
0a681522629f75afefe21119a8f9c95b9858ba60	src/features/irrigation/services/irrigationAquaCropEvidenceAttach.service.ts
cd4e30e59b750d9ff61d3e3e76299a50f65316ba	src/features/irrigation/services/irrigationContext.service.ts
bbeacd6f98d291b4acb77885f07fe30cd0249776	src/features/irrigation/services/irrigationModelEvidence.service.test.mjs
ba6d0f2dacb793b8362a9536a1b098c5faede976	src/features/irrigation/services/irrigationModelEvidence.service.ts
c44b3202a2654bbae46d0b2481232f92f950bfe7	src/features/irrigation/services/irrigationSynthesis.service.ts
2de91092cec7f57741b48b12216f382f8637a2a8	src/features/irrigation/services/irrigationWhatIf.service.test.mjs
64f49dd04ec73038ebe8abe340c6d7b328dbd16c	src/features/irrigation/services/irrigationWhatIf.service.ts
26e4d821bc18687d5764da69798cc0137ff1329f	src/features/irrigation/services/rainfedTodaySummary.ts
976d88672c3e0ea977fdfeb6b68da5ab55c8f3e3	src/features/irrigation/services/rootZoneWater.service.ts
7a03df408287793293324246b2047ec9b49881c1	src/features/irrigation/services/soilWaterContext.service.ts
4472670738b64d5b137528dd0f3d2ad1350f5c27	src/features/irrigation/services/soilWaterMeasurement.service.ts
87fd855c53f882bdd9ec9106fa28f6736aa53d03	src/features/irrigation/services/soilWaterProfile.service.ts
4272f0a9174cfec782f4007f5dce8ce41e95081c	src/features/irrigation/services/waporWaterEvidence.service.ts
a008af965490cb66e8f70f4fa06fcc903608ebc9	src/features/irrigation/types/cropCoefficient.ts
c533ca780ddb70d6779db1ad1cc1631797dd4b83	src/features/irrigation/types/cropWaterUse.ts
1c2b4f4ac705b264409a59fa723fbc8b372daedd	src/features/irrigation/types/irrigation.ts
9b9a2a95565799504cd68ed38c22b6b3ea19b917	src/features/irrigation/types/irrigationClimate.ts
836f2bd337c087b5d2c7e58f38870b8dacb3c3cb	src/features/irrigation/types/rootZoneWater.ts
23ad35c1671b45e8478036ef289654f3c91058cf	src/features/irrigation/types/soilWaterMeasurement.ts
1ded2bcf921dff3297b6a67f3d81985486a2fcfd	src/features/irrigation/types/soilWaterProfile.ts
151d3089349c6a25cf7f165e9b31a5da9f630e40	src/features/knowledge/components/KnowledgeAdminPanel.css
6c4dd2b7b45ab69b6f7b8bc635b985afbcd2ca94	src/features/knowledge/components/KnowledgeAdminPanel.tsx
5ff86f46a2e673f2c3341a5b8fb77bc72233fd04	src/features/knowledge/components/KnowledgeArticleRadar.css
45878783fbc84a4c4989fdb0382cd39f2f5ec12d	src/features/knowledge/components/KnowledgeEvidenceSources.tsx
9138e744c6cd33cc268c34e9817ed123d848a96d	src/features/knowledge/components/KnowledgeQuickView.tsx
fd03451e21f8e99f2930f5318bad96de910a8ac9	src/features/knowledge/data/guide.ts
6b52368ce1b0a537fe70dd0dc32ece7f454422bf	src/features/knowledge/data/imported.ts
18aa695f77c62c82978c51ff4ec0f30501993e36	src/features/knowledge/data/plantVillage.ts
def9f1a455d9612f9527c88e95d99b83840c028a	src/features/knowledge/knowledge.test.mjs
46ca85008ba5c59959f5342dd1dd7dc98df9dccf	src/features/knowledge/services/articleRadar.ts
095067af02df36c336f617b5982f63e3191af7ff	src/features/knowledge/services/catalog.ts
7a72f37826444e99735a3adff0fdbe849bd7b1af	src/features/knowledge/services/cropDiseaseNer.ts
3a180d38fc91023b54201b1f471ed714764c9aba	src/features/knowledge/services/knowledgeEngine.ts
b5a7a8c8785b91ffb9f7a87f43a13f05fa6b1a05	src/features/knowledge/services/mapKnowledgeEvidence.ts
0d726df1f7f1734409643f3d88a78d1474df4c75	src/features/knowledge/services/phibaseEvidence.ts
17a51ec5f4b3fb569b0684e82204a4483ae7becd	src/features/knowledge/types.ts
9951442d8cb952fda00cfe609fcc9e64fea77b3c	src/features/map-data/components/MapDataDate.css
7f8197eb6e68dc825084bdd9117c421bcd3b4ec9	src/features/map-data/components/RadarHistorySheet.tsx
7de034855586a83fe4274cecb901719e8df0bbaa	src/features/map-data/components/SatelliteHistorySheet.css
394bb949b881fba8b4ded4bcc90fe47311ff2ce7	src/features/map-data/components/SatelliteHistorySheet.tsx
843caae30d5d0b461e69c9da4d57b132f8a9b4a8	src/features/map-data/hooks/useRadarHistory.ts
60ec5cb980ad58bd225922e027d27bc0b8af127a	src/features/map-data/hooks/useSatelliteHistory.ts
10d19138852b59807cd72b8ccc969e9020cd4787	src/features/map-data/services/mapLayerArchive.ts
a3841900e274c68f783e04ccdd3f153ce6b6a6b8	src/features/map-data/services/mapLayerCloudArchive.ts
cb0295e6838a1011950156c53ab48ccda8fce10f	src/features/map-data/services/radarHistoryCache.ts
d0dc93a2c68e9c352d4ba06097db8921c762fa19	src/features/map-data/services/satelliteHistory.ts
6619f14bd74b8cf36e83e8e4c28621fd44bad875	src/features/map-data/services/satelliteHistoryCache.ts
68068d7e05bdcca344e88780a5712a7f85894460	src/features/map-opening/mapOpening.test.mjs
ffd8ab85ed7d6c04811300e0ecb879b68b6eae7f	src/features/map-opening/openingTarget.test.mjs
0208e5baea2c1f155ab780a0ba95af77600b480b	src/features/map-opening/openingTarget.ts
06f6959ba428e90564591dbc461dd04166791b96	src/features/notifications/components/HomeNotificationsCard.tsx
42f2945ed5027d29d7ccc54180e076b388a9398d	src/features/notifications/components/PinnedCropSuitabilityNotification.css
8346f1748f2034d4b2844b000c99fef6c83ddf08	src/features/notifications/components/PinnedCropSuitabilityNotification.tsx
cbc995d953cb1b8f1fb4d7ba1f81b3de19402db6	src/features/notifications/hooks/useHomeNotifications.ts
f5677250989dc0bd1eb8281c72883840e399412e	src/features/notifications/services/notificationQueue.test.mjs
abb469cde5e967e17c690ffbff9f9ff151cc92ad	src/features/notifications/services/notificationQueue.ts
4e52548747e65d2edd2b390196be61db8a515de3	src/features/official-validation/services/officialValidation.service.ts
85772d138766856082bc81ba9fbdbe9bc579daa9	src/features/official-validation/services/plantProtectionGate.ts
5a6fc108afe3cfb1ee8e8367d81da4be59f70156	src/features/official-validation/types.ts
b551d4fd5c066b9e605997e0ec41841f14672e96	src/features/official-verification/components/OfficialVerificationAdminPanel.tsx
ac6b12438646ba84b9f2d3eb057a37d657e11972	src/features/official-verification/components/OfficialVerificationCard.tsx
fd2c3be4b48edee16022dad621042a959fcbd5ce	src/features/phenology/data/cropPhenologyCalendars.ts
fa93c57ee49238e0f828d4eb368ee97cc901aa40	src/features/phenology/hooks/useFieldPhenology.ts
9c574d71ee069febad4269906e0ef12c1ec52edb	src/features/phenology/services/buildFieldPhenology.ts
79a876563286be6d0b9d653ff9f28b30d4c9bdb7	src/features/phenology/services/copernicusHrvpp.service.ts
909e8dc951921a5aff14bdcab6e1cdc136bef674	src/features/phenology/services/cropPhenologyCalendar.service.ts
abeb0368c2ae2ee74729f1d8af211ae6a24d5a7c	src/features/phenology/services/fieldGrowthObservation.service.ts
f328e14e1e6d5aaceea628a3433b7276e585e041	src/features/phenology/services/fieldPhenologyContext.service.ts
8dadbaa4ee1b2c7647add1e2cea17694f8d1137f	src/features/phenology/services/nasaHarvestCropStage.service.ts
08e8c2cf275fd81eb8df7b7d2d4a483ab7e2969a	src/features/phenology/services/pcsePhenology.service.ts
9ed8bbd194205d4b07a396165d6be92fd3aa183f	src/features/phenology/services/pcsePilotEvidence.service.ts
4923270fe8868a3e37d19eb0a3e41c4d6db0b918	src/features/phenology/services/phenologyClimateShift.service.ts
f232044b26a246ed1d0a1ed9daa72679f91a575a	src/features/phenology/services/phenologyEngine.ts
f149648e3f7887b589a795ce1b8f01e7148b7e16	src/features/phenology/services/phenologyPusulaGuard.service.ts
37fe2dc504a46f0f4af7a5fbad27e26470a06a5c	src/features/phenology/types/cropPhenologyCalendar.ts
6444266a81e61e66baf920cd39ee51b989709984	src/features/phenology/types/fieldGrowthObservation.ts
778358f8597a96e2ab1468a9748c1115cb605bfa	src/features/phenology/types/phenology.ts
66745b1a833d42f44198ee91afa9717a22d6e839	src/features/phenology/types/phenologyClimateShift.ts
68e04a29f80d5da0e8a23dc872e1a77aebc94dbc	src/features/pusula/components/PusulaFieldQuestion.css
f473e63532d173eca1a05200c6101fed84902b94	src/features/pusula/components/PusulaFieldQuestion.tsx
badf490079bd44617aae734e3857a10ac8b6663c	src/features/pusula/components/PusulaForYouCard.tsx
5c75d255021d3b43a465e251154910347b389030	src/features/pusula/components/PusulaOperationQuestion.css
a9283a6aa695a99a54bfc094459ec8bece18c3f2	src/features/pusula/components/PusulaOperationQuestion.tsx
ff31cca74dcc3f6249072bd4aac4198828d10d4c	src/features/pusula/hooks/usePusulaFieldCompletion.ts
b28080dcbcfac5d45b9bf359a76187c3e7d1e8c1	src/features/pusula/services/operationQuestion.test.mjs
a1533b139ed828b69dc957fd8b064587edc24ebf	src/features/pusula/services/operationQuestion.ts
8b4c8962ce20ccdc68074b84071f8cfae4983976	src/features/pusula/services/operationQuestionData.ts
8316ed64fe035e0a16864ff3127e86cd5e45a984	src/features/pusula-pdf/README.md
2173a42d8e0d21b18ccff78746eedee65a67296c	src/features/pusula-pdf/services/pusulaPdfAquaCropEvidence.service.ts
b0a3a2118d5e1a5ffc698413feff32bd86add621	src/features/pusula-pdf/services/pusulaPdfArchive.service.ts
3637a2cf057623e8202fa2e03a51d392115c6be7	src/features/pusula-pdf/services/pusulaPdfData.service.ts
1008efd9508839f654fa15fbab3f92b473e23825	src/features/pusula-pdf/services/pusulaPdfIrrigationSynthesis.service.ts
88f0dd28977caa624ce8571aabcdcdcef7f2d046	src/features/pusula-pdf/services/pusulaPdfModelEvidence.service.ts
2c7d6dd113eee822d11e786c05d238e3cb835966	src/features/pusula-pdf/services/pusulaPdfPcseEvidence.service.ts
cf75f72d719c3609f979d41d3c34c92a588e2852	src/features/pusula-pdf/types.async.ts
fd4cc50f770b28863d309388691b1e2beb246ce7	src/features/pusula-pdf/types.ts
af1ab5a424cc994397c3e0bf25925dedcc59aa0a	src/features/satellite/hooks/useFieldNdviTimeSeries.ts
af10fea241be3f72b2218ac7d05bd182333e609e	src/features/satellite/hooks/useFieldSatellite.ts
dddd30fa9c1a62c08ddbd83908fe2145f1511d0c	src/features/satellite/services/README.ndvi-anomaly.md
71fafe84fab08627d0a558b1190c9ee9b97cec65	src/features/satellite/services/agrifmPilotEvidence.service.ts
771941720ffc3f703ca2a8ec69453363fdf28d11	src/features/satellite/services/ndviAnomaly.service.ts
070b3202b093ad22986157d86d105c91ece8f5b7	src/features/satellite/services/ndviTimeSeries.service.ts
f937a90e80b14ff47b5eb5a1b325f26789c4d8d7	src/features/satellite/services/satelliteFusion.service.ts
344f007755725d1083ce3aad9a76d4cab1914149	src/features/satellite/types/ndviAnomaly.ts
76049a355b3ed3a0b917428034a4dd49741f1a86	src/features/satellite/types/ndviTimeSeries.ts
aefcf4475f25c7537df0829e37a8282e536a5771	src/features/satellite/types/satelliteFusion.ts
69d57f30a8684c2be5425f2c2ab854f69980bda4	src/features/tasks/components/HomeTasksSheet.css
7fcfb6262981be7c94f517bacee20cc1c389ba5d	src/features/today/components/HomeTodayCard.css
f0b281c666c6e102ac09cbd199fc2f3b2ac6c2b0	src/features/today/components/HomeTodayCard.tsx
70fcabc18d067fe51fa02a7a5e5396ea74c60aeb	src/features/today/hooks/useTodayDecisions.ts
92952e69d68d709122ad722925bd40a84eee154c	src/features/vision/services/agmlDatasetAdapter.ts
39d6afca940a6ba423cfc9d8b970af280be233d1	src/features/vision/services/photoDiseaseHarmonizer.ts
61b1eef78973248d810c0ab2c1bd60fd0637b3a5	src/features/vision/services/plantCvEvidence.ts
a11e6321e2848cd6687501ea84db02b26eab63c3	src/features/vision/types/fieldVisionDataset.ts
83b4cccf1fb224de78edeab5bc58535d092bd3df	src/features/weather/components/HomeFiveDayForecast.css
53ba0052fdb1821c30ff77fe2fa11ae21c8b4ac5	src/features/weather/components/HomeFiveDayForecast.tsx
719cac0ff509b431a4b6ce57853867e7f08eea86	src/features/weather/components/SprayWeatherGuide.css
00dfcb0718fdbdfd2dbef380757549a4b5264e8b	src/features/weather/components/SprayWeatherGuide.tsx
c9d99d58d78077f857af65a55336fbba99ba3258	src/features/weather/hooks/useAppWeatherData.ts
56a44d68e9ded76e8bd00de231f9fe1f07cc798b	src/features/weather/hooks/useHomeWeatherSignals.ts
6ea4940eb5602c2e37e4b62b826d2313f714d21e	src/features/weather/services/hourlySprayForecast.test.mjs
cb6f72bea577eb931f44fbbb46fd2be899b3a9d1	src/features/weather/services/hourlySprayForecast.ts
48dd0e8802e6d8c4c1ae95e58d3db542cc03ed1d	src/features/weather/services/sprayWeatherScreening.ts
1b0f944d442be2e214617a2f9a3cfacd5442ca6a	src/gamification/useGamificationStore.ts
f22a829406c9c60baa516214b000019d1edeba52	src/index.css
2d02b14679f3b0a6a8930a37eff5f07aa8c0cf91	src/lib/mapRuntime.css
c00f7d6af53106921ea561fd86c82d83a3d6e79c	src/lib/mapRuntime.ts
192756cd4a5d9b00ba742c59206f1db7c3fe1f8a	src/lib/mapStyle.ts
dae83a63f52fcddf43fbc5419a16192d1080edef	src/lib/pusulaAi.ts
c169c3d85776ed0141f4b1ca09131e149eabe382	src/lib/satelliteService.ts
93acbe7d90708cfd8480dd7ab182566cbf8aebaa	src/pages/Admin/AdminPageBuilder.tsx
6c7e6cfe319e6876d46e2ad4ff82ddf1b27ce980	src/pages/Calendar/AddFieldScreen.tsx
058f978859a0b1fdf4798c9cb7e21ff39db25156	src/pages/Calendar/CalendarScreen.tsx
71e82c1d65057e6929ac604b1530f48a342c282f	src/pages/Calendar/useCalendarController.ts
835b5c643fa345f67082f021d57c8f0ec961ebac	src/pages/Era5Map/Era5MapScreen.tsx
6948bb01905089e9797f03118dfbd2ef6fe93eee	src/pages/Home/ClassicPusula.css
dbec4b1def6012661822113ed374e1cfc050d01d	src/pages/Placeholder/PlaceholderScreen.tsx
36b1bd4948cf5dab26dfa13615cebd6945e6c4c6	src/pages/PusulaTest/PusulaTest.css
c02ec734329c6d8617a972b7a6c72b5dadfeafd9	src/pages/PusulaTest/PusulaTest.tsx
41745f6760ead12b13fa29210afbf23b8f09dc9a	src/pages/Sentinel1Map/Sentinel1MapScreen.tsx
b90c5e5327fa5e11ea483276a0f593fddc7ecc1e	src/pages/SoilAnalysis/soilAnalysis.css
954613c4d4566bc0cc5466b172d55aae3e85c64e	src/services/agriboundBoundary.service.ts
62465d44784375dfef182265b0476f6dca0791ef	src/services/agroClimateBaseline.service.ts
d96b807d27d4e2f9b42dc15bd538e26ab96c6176	src/services/agstackGeoId.service.ts
b1009485e04e3cf434a54d445afe5cc34aaef60c	src/services/demService.ts
bf7d586755efbc6b88c49decd479f7c70124888b	src/services/digitalTwinScenarioService.test.mjs
b2d63c15d74a6728e34d83ca310546ed601ed1b7	src/services/digitalTwinScenarioService.ts
725a8e1c31376d33f9d9fc8e04d0ad45607ad4f2	src/services/earthSearchService.ts
741e605e169ce450554e0fe3b92daff46e26d036	src/services/faoAsisService.ts
adaf052617a1e05787f82df03f3ea800d934af49	src/services/field-biodiversity-context.ts
072661b6a22fabe3c3dc6188b6430146167432ea	src/services/fieldCropSuitability.service.ts
ce82f9fe9bd8dcf25ba3f8f558bf5d4f9605fbf0	src/services/fieldSatelliteSceneService.ts
8f09aaaaa8f53301b8f51197282f35c881395fd1	src/services/gaezCropSuitabilityEvidence.service.ts
398092185464912272d0dd60c97f622a51a53383	src/services/hybrisFieldEvents.service.ts
c68577a85b3740ede163b444ec17c61b0754d22d	src/services/hydrologyContextService.ts
1af8d5e8c2b2550f2a93d223bd187f6be926fc8e	src/services/marketPricesService.ts
9c3d57554d46ed31aeb2036fd53b0c1f849807b8	src/services/modelReadiness.service.ts
0f077495c104cfe1ef36d60668e32e9c111bc246	src/services/nasaPowerService.ts
72877c645d1fc63f7b3433b557d22504aa7fb98d	src/services/officialAgricultureSources.service.ts
ccfea545c26741cef007ec02bcba3a0eb134c476	src/services/pestStoreService.ts
bd6617c58368dfa8561674815459704e65c65597	src/services/pusulaIntelligence.ts
e69de29bb2d1d6434b8b29ae775ad8c2e48c5391	src/services/pusulaMarketIntelligence.ts
764edd8fee3af54d68a5cfb4373223e29b4daffa	src/services/r2Storage.ts
4c48cb59bbf5c003f1dbbb7eeb4832562e28b660	src/services/rothcCarbonContextService.ts
dec6e5cec0d0749816439116946e7dc45c287b2c	src/services/sentinel1AiService.ts
56bace6f67e9ce0f89068ffceab546f04a360ae5	src/services/sentinel1Service.ts
275f61105d685ebbe9fd70965f2e9a6dda500309	src/services/soilGridsService.ts
ec25f880679c838f2fa94490e7da9db6c470c4fd	src/services/spatialFieldReader.ts
625a175de585554328deb1b13b4b3dda892323ad	src/services/waterClimateService.ts
56ebe10e08e0e750ea702b1e3d03c9b78388cc4a	src/services/worldCerealReference.service.ts
7c0dfb61d1993d7a981727055482d3b67ec13d1a	src/styles/MapReadabilityFix.css
8665d5ba99b9bcff99eb54b5310da2c97f3b7177	src/styles/MobileAppShell.css
96a30097a5740bafe50c6fe8c386af8bed6c0acd	src/styles/TarlaPusulaTheme.css
fc3644d69f87819defbe9701d51a502985e0d9cc	src/styles/onboardingStyles.ts
82a4d6b52e837c62eebd89a9ffd16e5153c97a4a	src/supabaseClient.ts
cb093bee6f44da97eb0311974b35c8fb5f054ec8	src/types/geoblaze.d.ts
742dd4f95342df64136aeaa262e5d2670830983a	src/utils/aiAccessUtils.ts
d6c515faa913f388dfe52e37669442fc3d134086	src/utils/cmsUtils.ts
b9093310323199bb5d9128cde94315647475d05b	src/utils/displayUtils.ts
e058c91a9ff0f3a97fd27b1a7ce78ab8e401ec91	src/utils/fileUtils.ts
aaec3fb6385682692a87d5a06be30eaccefe2829	src/utils/locationUtils.ts
0004cedc1141b8cfc356407ba72ee1d6cfe2cdbc	supabase/functions/agribound-boundary/index.ts
4fde5a4aa16eaa7baf321e639d33abee6e43c88a	supabase/functions/agrifm-pilot-inputs/index.ts
3192447a927f9ecfdddf50017fe0994374e57dc7	supabase/functions/agrifm-pilot-run/index.ts
d42b4655d57365af262726ec22c8b1afb53831b3	supabase/functions/agroclimate-baseline-evidence/index.ts
a4e1f50edaab5aa7b88ca5d821623df3e025d130	supabase/functions/agstack-geoid/index.ts
4d7e29679ab93ec5345958c28b95c038c2afaf5c	supabase/functions/aquacrop-pilot-inputs/index.ts
554bea038f14969bbdce24b8f93b785f2e031322	supabase/functions/aquacrop-pilot-run/index.ts
14bd75f271eebe9787dc9504ff6ddc1e9fdebd91	supabase/functions/aquacrop-soil-profile/index.ts
78dbfb0a7c7b0bc99ca4b0ef13d27a511cf00eff	supabase/functions/content-engine-scan/index.ts
3e6e9210d21572b7acce36f41a2b4d896bd37e19	supabase/functions/copernicus-hrvpp-evidence/index.ts
a8a2909f9b5f45f1f953c448eb1cd95019237675	supabase/functions/crop-disease-ner/index.ts
6d784a4c51f3003fca5d0b0ea4e22799be40c308	supabase/functions/cropforge-shadow-run/index.ts
056fa54e8e7f4be92449cd86676638be80cb7156	supabase/functions/field-phenology-context/index.ts
15b550ea37dbdfba852fa9f0caa989c25abdaec6	supabase/functions/irrigation-water-balance-state/index.ts
c095c8cfd0977d25d49a0e0358734bb9abfddd8a	supabase/functions/knowledge-article-radar/index.ts
113ac4592999df637355d3a0e7a7be0f754b261d	supabase/functions/knowledge-document-extract/index.ts
6a771147559268620879b753cd1245b54af2ed1f	supabase/functions/model-engine-readiness/index.ts
e0b0d909e6d2d8747420287cc3560ef77664f8d4	supabase/functions/model-engine-shadow/index.ts
8b4355b7b9c2c734ed8f25183bd03797d4f3c2f8	supabase/functions/model-shadow-comparison/calibration-core.mjs
18fbfcee00ba18ff6babae8bd2337d6e70d637fc	supabase/functions/model-shadow-comparison/calibration-core.test.mjs
51b664679b812e998979963e34517ad8ae19fc10	supabase/functions/model-shadow-comparison/comparison-core.mjs
0b9dedc71c6312ffaf7cef93927c468a58cb422e	supabase/functions/model-shadow-comparison/comparison-core.test.mjs
a3ba2a96446b15de43360b1658a6e75ab3914b02	supabase/functions/model-shadow-comparison/index.ts
0ba7cbdeaa76e3fa9203d2c00ffd60977dc13114	supabase/functions/official-recommendation-guard/index.ts
ce3f074854e69c7762caa75fdc7db82a55a3d793	supabase/functions/pcse-pilot-inputs/index.ts
5bcb559d7d740310593d5640f73d65825ac9a816	supabase/functions/pcse-pilot-run/index.ts
6206a2c1ecd37275de9ebe473c4f441a0fd40b42	supabase/functions/pcse-variety-admin/index.ts
f8acb3a89c4770f61f01c983ccbf7728370a8082	supabase/functions/phibase-evidence/index.ts
bd262095ac3b4c840c208cadbd5e713af9e1b23c	supabase/functions/plantcv-photo-evidence/index.ts
610269b37b2c21206096859e00fc88ae1de5bd8f	supabase/functions/pusula-ai/index.ts
aec5ced415b85888ca64466508ae28e5a9cace9e	supabase/functions/pusula-experiment-evaluate/evidence-task-core.mjs
d37605df65521c9071fa0f41130d876c7da52032	supabase/functions/pusula-experiment-evaluate/evidence-task-core.test.mjs
7d3da5ab69ba07f667a06cd6ecebd89dff159370	supabase/functions/pusula-experiment-evaluate/experiment-core.mjs
41c0894ddbb8284780e6775fafcdbdc26f2a8bf4	supabase/functions/pusula-experiment-evaluate/experiment-core.test.mjs
e05628d95fc9b3ad6af5c343af90617d90f7836d	supabase/functions/pusula-experiment-evaluate/index.ts
d9789c316c27fd41d1e7b6f133ebacbdd001bca7	supabase/functions/pyfao56-dual-kc-shadow-inputs/index.ts
844595a2b8c3ee901f361c1d4d36e164be025913	supabase/functions/pyfao56-dual-kc-shadow-run/index.ts
cb284c233f6fb39a2cd454b1476a4e36ffe53dfb	supabase/functions/pyfao56-kcb-context/index.ts
707e5bee8a1956910c9b7eb7262cac3747480bd1	supabase/functions/pyfao56-water-balance-inputs/index.ts
7d786c81d155d11d39a777cc1b90e62e00ad0640	supabase/functions/satellite-field-analysis/history.test.mjs
d175ceb4afbf8f9e0461ef56e123ea20ed984236	supabase/functions/satellite-field-analysis/index.ts
013c563934258cea19d6368bd50d28bf6e1bcbf2	supabase/functions/satellite-ndvi-anomaly/README.md
aee0ec940fcdeddd5fb9aaa0fc8664b07fde5691	supabase/functions/satellite-ndvi-anomaly/deno.json
f360ed86cf767c692c3e5184f415039012777623	supabase/functions/satellite-ndvi-anomaly/index.ts
5f049ce02e9d1020519466429d88342027069108	supabase/functions/satellite-ndvi-timeseries/index.ts
c5ae0802b751c53d496d6447133889faf5867dda	supabase/functions/soil-evaporation-context/index.ts
b521c23be676f5f46b40626c3595fb7e9b975f28	supabase/functions/tkgm-location-options/index.ts
7544e3bd4a3628148ec1c248060550d838a91e66	supabase/hotfixes/20260915_tp_sync_growth_stage_observation_task.sql
8735ca5076194ea613a4466d2816424a2f1f5958	supabase/hotfixes/20260915_tp_sync_irrigation_amount_task.sql
a3c9abbc43575ac30dfe7fe452ac6d476b0915bc	supabase/migrations/20260912081027_daily_irrigation_kc_snapshots.sql
72f03fb73eb7094b1bf9262cb4642058f46c086f	supabase/migrations/20260912111500_field_growth_observations.sql
acda23c1958f6b28757808d06522dd2a5fa5bdc1	supabase/migrations/20260914152340_add_aquacrop_real_input_records.sql
6f44f6228aff4a4afa2e1fa068015545d822e22b	supabase/migrations/20260914161849_add_pcse_real_parameter_records.sql
e2df1c9f86d58c4f0bb5b6575788de2823a35f49	supabase/migrations/20260915144516_harden_remaining_anon_rpc_and_risk_indexes.sql
39f3271955efb09a73736a27c0b0d33442a3f8c1	supabase/migrations/20260915145658_crop_water_reference_profiles.sql
2f6bef258febd3635fc5a15f173c5aca15f96b13	supabase/migrations/20260915145759_add_crop_water_reference_aliases.sql
64da49b6c2d5aecb18c829ae5b36194201693874	supabase/migrations/20260915150209_add_pyfao56_readiness_snapshots.sql
1d16582b74a7b088dbd64d782cd9dda6fbce2a08	supabase/migrations/20260915160301_soil_evaporation_reference_profiles.sql
15a63a14897b4c0330c1d5fa89be69e7c5b40c12	supabase/migrations/20260915161231_harden_growth_observation_season_field_integrity.sql
517f672b9676d8fc1bb466b1f93ae978c660302e	supabase/migrations/20260915164000_support_perennial_growth_observations.sql
e085def1c15d37d6802c04849e4f8ca5e77b51fc	supabase/migrations/20260915170155_add_season_variety_and_pcse_model_mappings.sql
83ab739ff3cf70f55217adf393dfd4cf6ee5fcf3	supabase/migrations/20260915171838_sync_model_readiness_tasks_with_variety.sql
49cfa6433a29e36d40f1d067247553339e8a4791	supabase/migrations/20260915174150_sync_model_readiness_tasks_v2.sql
3b1fcc1001b00693846b4dce09bcd78fe6f5dff1	supabase/migrations/20260915174303_sync_model_readiness_tasks_v3.sql
4e4b088c88bb21e011dae59f44e13649b6972ece	supabase/migrations/20260915174537_harden_verified_field_task_completion.sql
210cf16ef36cac2d735e3ae690be234da4eeef7c	supabase/migrations/20260915181433_pcse_variety_mapping_requests.sql
0fa58fcceb0f70ddcb06fa6998c4ce2d3abf2a15	supabase/migrations/20260915181848_auto_queue_pcse_variety_mapping_requests.sql
88e714212559f2aa8f868dfa91d1638be8341e50	supabase/migrations/20260915182710_normalize_known_perennial_crop_cycles.sql
d417d287e7d52e3b9e663d2e8b886bb08dfea918	supabase/migrations/20260915182818_index_growth_observation_season_field_fk.sql
cbca3da8c24d3e5de4fc555d235ba4fd96526f7e	supabase/migrations/20260915185322_add_irrigation_method_and_fao56_wetting_references.sql
625ad0d78204dff65f0e2929c006f71f8109a70a	supabase/migrations/20260915200629_extend_canopy_tasks_to_mature_orchards.sql
0024fe67ee45a684fde57e7f22d63523cc09b282	supabase/migrations/20260915203542_preserve_dismissed_field_readiness_tasks.sql
369651e2a1527a8f304f3b7b6146e2259462a115	supabase/migrations/20260915205856_add_irrigation_evidence_tasks.sql
c3d7e28e9827b9a5c9767d061556da9937d34edf	supabase/migrations/20260915210113_make_irrigation_evidence_task_sync_invoker.sql
c695ff7b05bef8c809abb460c4467de5c293e751	supabase/migrations/20260915211730_field_observation_authoritative_kcb_task.sql
032a35dcba10742b405d2a075537975c5e57569c	supabase/migrations/20260919224500_knowledge_engine_review_pipeline.sql
f441b69b2a4e7aefbc1e69f65c709b350e5d8ef6	supabase/migrations/20260919230000_map_ai_knowledge_evidence.sql
7275360def0ba52a0d50cc14f66ec4955d31a787	supabase/migrations/20260919230500_secure_knowledge_retrieval_rpc.sql
9547990f02d2c5a1d4339d027f346db63968be88	supabase/migrations/20260919231000_optimize_knowledge_engine_policies.sql
3cadfa3f73b52cf06b46a3cdc4e8363a0a301791	supabase/migrations/20260919232000_knowledge_article_radar.sql
f99cd896682f66c3268de92821775d4520d3276b	supabase/migrations/20260919234500_official_validation_gateway.sql
4303511abe7ed80edb3b7bd90bc7b52ff62ce99d	supabase/migrations/20260919_field_ai_observation_knowledge_sources.sql
259dc8d4d874cbcef3e1e00af6a8a6962587d221	supabase/migrations/20260920001000_official_verification_audit_log.sql
6b73842f9ae992b511947a63e8a6389019d34cff	supabase/migrations/20260920081607_save_dual_kc_production_comparison.sql
ed9f9f48acc1730cbce48c3301242451f4fd35f5	supabase/migrations/20260920081629_harden_dual_kc_comparison_writer.sql
64247a68bc3be6150fd84ea9346fcb5e1e644860	supabase/migrations/20260921211500_agml_disease_reference_evidence.sql
faeffac983d7f56af7ac890193b8c7b4363cd8cc	supabase/migrations/20260922190500_content_engine_source_fanout_cron.sql
b966ebe6c92f448e374b39989cb5919487fcf681	supabase/migrations/20260923164500_task_rewards_for_generated_tasks.sql
a8e30e47ee1c840a7a78d6e5af82d76615940d3c	supabase/migrations/20260923214000_add_cropforge_readiness_engine.sql
2ef2b1cd0d5b18152df35d02156c44a055aa8ffd	supabase/migrations/20260923231500_enable_cropforge_model_runs.sql
9ad1e7d84d66ab6fe670abbe2ccc68cdcd1b9338	supabase/migrations/20260923232500_internal_service_config.sql
f27171cfbd27c269ad97f15f0cde7f45350f66d2	supabase/migrations/20260923234500_create_model_shadow_comparisons.sql
0e02c77e15396c3b8cabfd9e38b6d09caba84f37	supabase/migrations/20260924000500_create_model_shadow_calibration_states.sql
a1f1edee980afb0b5d9176d1599e38780b2c34ee	supabase/migrations/20260924081500_create_pusula_experiment_states.sql
ecd56cff8fc6e0fecabb30ec2c858bb2c37743c4	supabase/migrations/20260924090000_pusula_experiment_evidence_tasks.sql
6a63db8e8e4ee95f236fbfc12b0ad3582fc9f9f7	supabase/migrations/20260924093000_pusula_experiment_task_sync_trigger.sql
7d65d81c01573edb7073f707b16a6dd07d39fc00	supabase/migrations/20260924095500_pusula_experiment_growth_deeplink.sql
d1708d10a42f5535b1f20e2bdd38df453e475e3e	tools/crop-model-readiness/README.md
1fe1a3d75df3992636a8e58086122ee10e2b15df	tools/crop-model-readiness/check.py
ec1c20512114a1106710bb318e0e368c2fa78e9a	tools/crop-model-readiness/example.template.json
818bc4f6884375f9fd339c0045931adf6c4decd2	tools/knowledge/README.md
2d8d1b6deee83089ded5e4dd24730d30721886fa	tools/knowledge/import.mjs
635e2ee6c2476340ea5fa3c72148d8d3e25bbcf0	tools/pcse-poc/README.md
c337b6f520c4e111c07757c58a0fdf886328248d	tools/pcse-poc/requirements.txt
28d49ec31058f059329dbd3785dee8ee70f04835	tools/pcse-poc/run_demo.py
655901844147271feef8d9e8bc6165631531cfcd	tools/pyfao56-poc/README.md
5e67fbf9934f7843b2bb856e8701631ab1ea4629	tools/pyfao56-poc/compare.py
d5e18bba78a21ff174952bdb75be365299ebcde0	tools/pyfao56-poc/prepare_open_meteo.py
1ec33564764f2b1666b6274d231165f87b61945a	tools/pyfao56-poc/requirements.txt
ad6dbbab718f8675c544101d95eaa259d87bac01	tools/pyfao56-poc/run.py
6830b6f759f55aec32f0a2fd367ee63cf68db8b7	tsconfig.app.json
1ffef600d959ec9e396d5a260bd3f5b927b2cef8	tsconfig.json
8455dcbc2c947322adef8783a42741878edaea9c	tsconfig.node.json
66476c6f918228054ccca6ead79c344141cba6f8	vercel.json
a1e3dfdcbde31dfbfceaa9ff3e9fcdc1b7928277	vite.config.ts
