151d3089349c6a25cf7f165e9b31a5da9f630e40	src/features/knowledge/components/KnowledgeAdminPanel.css
6c4dd2b7b45ab69b6f7b8bc635b985afbcd2ca94	src/features/knowledge/components/KnowledgeAdminPanel.tsx
5ff86f46a2e673f2c3341a5b8fb77bc72233fd04	src/features/knowledge/components/KnowledgeArticleRadar.css
7a5ca18e34d4ab8af456fd67cbc035094e3613ce	src/features/knowledge/components/KnowledgeArticleRadar.tsx
45878783fbc84a4c4989fdb0382cd39f2f5ec12d	src/features/knowledge/components/KnowledgeEvidenceSources.tsx
9fcb1916b9cb935da76a1b6bd6f96ea0e55a2358	src/features/knowledge/components/KnowledgeLibrary.css
03d10cde83c1bd7243a630f9510f082fe63f6ca0	src/features/knowledge/components/KnowledgeLibrary.tsx
9138e744c6cd33cc268c34e9817ed123d848a96d	src/features/knowledge/components/KnowledgeQuickView.tsx
fd03451e21f8e99f2930f5318bad96de910a8ac9	src/features/knowledge/data/guide.ts
6b52368ce1b0a537fe70dd0dc32ece7f454422bf	src/features/knowledge/data/imported.ts
18aa695f77c62c82978c51ff4ec0f30501993e36	src/features/knowledge/data/plantVillage.ts
5f82c3ad6cdd33cf3a571beca75b55b1b03ed72c	src/features/knowledge/data/sources.ts
def9f1a455d9612f9527c88e95d99b83840c028a	src/features/knowledge/knowledge.test.mjs
46ca85008ba5c59959f5342dd1dd7dc98df9dccf	src/features/knowledge/services/articleRadar.ts
095067af02df36c336f617b5982f63e3191af7ff	src/features/knowledge/services/catalog.ts
7a72f37826444e99735a3adff0fdbe849bd7b1af	src/features/knowledge/services/cropDiseaseNer.ts
3a180d38fc91023b54201b1f471ed714764c9aba	src/features/knowledge/services/knowledgeEngine.ts
b5a7a8c8785b91ffb9f7a87f43a13f05fa6b1a05	src/features/knowledge/services/mapKnowledgeEvidence.ts
0d726df1f7f1734409643f3d88a78d1474df4c75	src/features/knowledge/services/phibaseEvidence.ts
17a51ec5f4b3fb569b0684e82204a4483ae7becd	src/features/knowledge/types.ts
9951442d8cb952fda00cfe609fcc9e64fea77b3c	src/features/map-data/components/MapDataDate.css
fe569c521a41f2b4b9b2e8094cda9ee673eb6706	src/features/map-data/components/MapDataDate.tsx
7f8197eb6e68dc825084bdd9117c421bcd3b4ec9	src/features/map-data/components/RadarHistorySheet.tsx
7de034855586a83fe4274cecb901719e8df0bbaa	src/features/map-data/components/SatelliteHistorySheet.css
394bb949b881fba8b4ded4bcc90fe47311ff2ce7	src/features/map-data/components/SatelliteHistorySheet.tsx
843caae30d5d0b461e69c9da4d57b132f8a9b4a8	src/features/map-data/hooks/useRadarHistory.ts
60ec5cb980ad58bd225922e027d27bc0b8af127a	src/features/map-data/hooks/useSatelliteHistory.ts
10d19138852b59807cd72b8ccc969e9020cd4787	src/features/map-data/services/mapLayerArchive.ts
a3841900e274c68f783e04ccdd3f153ce6b6a6b8	src/features/map-data/services/mapLayerCloudArchive.ts
cb0295e6838a1011950156c53ab48ccda8fce10f	src/features/map-data/services/radarHistoryCache.ts
d0dc93a2c68e9c352d4ba06097db8921c762fa19	src/features/map-data/services/satelliteHistory.ts
6619f14bd74b8cf36e83e8e4c28621fd44bad875	src/features/map-data/services/satelliteHistoryCache.ts
68068d7e05bdcca344e88780a5712a7f85894460	src/features/map-opening/mapOpening.test.mjs
972511382b1de73c540dc2b5ccaa815e731648dd	src/features/map-opening/mapOpening.ts
ffd8ab85ed7d6c04811300e0ecb879b68b6eae7f	src/features/map-opening/openingTarget.test.mjs
0208e5baea2c1f155ab780a0ba95af77600b480b	src/features/map-opening/openingTarget.ts
13979f0a8d68b0529c752d72b09f7c15d156b111	src/features/microclimate/components/MicroclimateSensorPanel.tsx
7f16d6831dfb0ca53f7d6a4a58e78bde924d216b	src/features/microclimate/hooks/useMicroclimateSensorContext.ts
844e1ee2cb6265d38a44994f556736493f2b6624	src/features/microclimate/services/buildMicroclimateSensorDecision.ts
ca0aa65e553028255fd155ea2239bf21aa0e616c	src/features/microclimate/services/microclimateSensor.service.ts
70c5c21043e8287e274291f8e06a9bf243724a4c	src/features/microclimate/types/microclimateSensor.ts
8ba4632ba6e480482629d2d85a587969a9907a1b	src/features/multi-stress/services/buildMultiStressDecision.ts
d8ca8d3b47907298bc749f6d7fa1c0d6d14a3d07	src/features/multi-stress/services/multiStressPersistence.service.ts
12c9e8233e0d64ba1024ff89092f9bceda5602a3	src/features/multi-stress/services/multiStressSynthesis.service.ts
dfe48c546ae8bf7a5a1b576e49da8b25705ab49f	src/features/multi-stress/types/multiStress.ts
06f6959ba428e90564591dbc461dd04166791b96	src/features/notifications/components/HomeNotificationsCard.tsx
42f2945ed5027d29d7ccc54180e076b388a9398d	src/features/notifications/components/PinnedCropSuitabilityNotification.css
8346f1748f2034d4b2844b000c99fef6c83ddf08	src/features/notifications/components/PinnedCropSuitabilityNotification.tsx
5906b3c76c846a35c1a23d18e8cea7c352f94088	src/features/notifications/components/SwipeDismissNotification.css
178d8babeec7f94a1ca7ddc1b545275a0b28e2cb	src/features/notifications/components/SwipeDismissNotification.tsx
cbc995d953cb1b8f1fb4d7ba1f81b3de19402db6	src/features/notifications/hooks/useHomeNotifications.ts
c0110c5cb107ef7ab35eb163477de9f8e785ed5e	src/features/notifications/hooks/usePhenologyStageChangeNotification.ts
7268d52ca2d4f28d9f7abeb43bec4c277a3dba28	src/features/notifications/services/notificationInboxState.service.ts
f5677250989dc0bd1eb8281c72883840e399412e	src/features/notifications/services/notificationQueue.test.mjs
abb469cde5e967e17c690ffbff9f9ff151cc92ad	src/features/notifications/services/notificationQueue.ts
a94bc89efa92d08643ef01e013df33844dee365a	src/features/notifications/services/notificationTaskBridge.service.ts
43a0ceb618e0fa36e4b1143cb04c381d1158d714	src/features/nutrition/hooks/useHomeNutrientContext.ts
b4b6069d2691e3150034c600ba6cc517799cece2	src/features/nutrition/services/buildNutrientDecision.ts
f112aef3a70687836bab0ea7edebcdf605bbf571	src/features/nutrition/services/buildNutrientDifferentialDecision.ts
89779ed368d2bb360ec5b155b21c7ff1b7f27fb0	src/features/nutrition/services/localNutrientContext.service.ts
6d767661830902122c31c04ab6f185153f92c48d	src/features/nutrition/services/nutrientDifferentialDiagnosis.service.ts
9c607e1ade34aa111ce4d16e48d030aa2bb78262	src/features/nutrition/services/nutrientProductionDecisionGuard.service.ts
6505f035ac2fed34488c2352c5ecfa281efbc6db	src/features/nutrition/services/nutrientPusulaGuard.service.ts
f3497305448a0ea668090c17f2beb9c5e8f59c29	src/features/nutrition/services/nutrientZoningReadiness.service.ts
5cda52c6d5e11d58f82f5c0b6b49032393789c18	src/features/nutrition/services/nutritionIntelligence.service.ts
cb8dc33d8b0598d84d510df60f7d08a4eb3d48d3	src/features/nutrition/services/pysticsRuntime.service.ts
420838e0beecc0fa3bd9cb98d1c9530f5d99e7ba	src/features/nutrition/services/soilIntelligence.service.ts
62c4cc7fe22c98d6fe1559e43539f3171f526ff2	src/features/nutrition/types/homeNutrientSignal.ts
4e52548747e65d2edd2b390196be61db8a515de3	src/features/official-validation/services/officialValidation.service.ts
85772d138766856082bc81ba9fbdbe9bc579daa9	src/features/official-validation/services/plantProtectionGate.ts
5a6fc108afe3cfb1ee8e8367d81da4be59f70156	src/features/official-validation/types.ts
b551d4fd5c066b9e605997e0ec41841f14672e96	src/features/official-verification/components/OfficialVerificationAdminPanel.tsx
ac6b12438646ba84b9f2d3eb057a37d657e11972	src/features/official-verification/components/OfficialVerificationCard.tsx
8bff3eef54bf9a07f4f6fdb606dfe8d70d614f63	src/features/orchard/components/OrchardTreePanel.css
4a204aa6ec4796a55c1e84131768849c80104ceb	src/features/orchard/components/OrchardTreePanel.tsx
4e11fb15f935735de312c432cee4580995b903a5	src/features/orchard/hooks/useOrchardTreeContext.ts
54b7c10442df4b4469a710bbd4a6ea16a32ca5e5	src/features/orchard/services/buildOrchardDecision.ts
06f5679653528e124a984151473e42e93c0c1920	src/features/orchard/services/orchardIntelligence.service.ts
c98dbe66eccdf1a9b9a145fff8cd694979d0a573	src/features/orchard/services/orchardTree.service.ts
de5a4dff92642db319c92a05c364420fec19591a	src/features/orchard/types/orchardTree.ts
6164137cce1e3ba9d2feb73e9763343da33f30d4	src/features/orchard-chill/components/OrchardChillPanel.css
2720ce1e1485d474cdd23315a73b868c949d1b88	src/features/orchard-chill/components/OrchardChillPanel.tsx
9cb389083b70654997b94c83ea4f139081df3468	src/features/orchard-chill/hooks/useOrchardChill.ts
5cd8670a3165b4dab1533d3124b128a2a539a0d9	src/features/orchard-chill/services/chillModels.test.mjs
67a1f20bc1150595b3b6c94d067d7836dc7af1ac	src/features/orchard-chill/services/chillModels.ts
086963874f18d7772aa6b9c238dcbd3ed74c1f29	src/features/orchard-chill/services/orchardChill.service.ts
