76f0b89ef6f424c25f0a8819fa902f9b1d4c8a05	.github/workflows/export-source.yml
ac30a218f18df61540f590275848cb36356a5928	.github/workflows/import-project-zip.yml
98ac3bb1b84a6c946603fb32cb27fa70728fb1f9	.github/workflows/sync-stackblitz.yml
39cf0dc89ae2e3416fafe937a1a1a99076060822	.github/workflows/verify-main.yml
ceb612e4a8fea2cf7ac9359f564dc747a0368678	docs/refactor/PHASE_0_2_APP_UI_FOUNDATION.md
8d8147ebec3665d785f7e79a2b6ea08c34b82dbd	docs/refactor/PHASE_0_3_AUTH_PILOT.md
834d9e65b234bdc70fb35aff5eea24e0a3c3a5de	docs/refactor/PROTECTED_UI_ZONES.md
130e14e0ba2bce6517d5aa4e2edff198381ad7c2	docs/refactor/REFACTOR_BASELINE.md
bf50e14932ff3d8b0545ded2ad76b0788e956bc1	docs/refactor/THEME_DEBT_MAP.md
b2b69f170292badd9cf5401d334210d7c2fd7241	package-lock.json
dbc1916f90e0657ba649eb299fcfae6739dd4cf8	package.json
9991446c755fe48ec38d0094eb19a207030bb605	render.yaml
c22761b68afa10afcd6bc08224f44d2ed4fbea82	scripts/import-cycle-audit.mjs
eb15c53171a2b3bce50397dc79b0c4ba9845566b	scripts/repo-audit.mjs
68685a47125c41eb1658b9b1978a9cfbffe9c554	scripts/resolve-ts-test-imports.mjs
3ec4757d3333478a0a5f9770de2d107acfc6e9e1	services/model-gateway/app.py
e0398004bc478850fddb218a407f1ffe1f317b02	services/model-gateway/rscm_runner.py
1936c0d5c98801a9357841f9bd1cbd54b21b214f	services/model-gateway/sl2p_runner.py
00088345085665973cb100a0379e2d5de9775dab	services/model-gateway/unicrop_runner.py
7c690facd7afff5e51f156f4edcda2f6228b0888	services/model-gateway/vendor_bootstrap.py
257d7365b353737acb81ace15bd46322db046ab1	src/App.tsx
6d9a94350aba821d2dd473066cef685609b83cc1	src/app/AppShell.tsx
63a34c856073b1e45f2301de1dc7603b6408f22a	src/assets/pusula/PusulaGuide.css
8c11b09a72cb82e27afe2a7846469a7db84b9c2e	src/assets/pusula/PusulaGuide.tsx
a73daf46a0cde156d4b2382394bd2d4ee1c27dae	src/components/AgriNewsScreen.css
a7ad8c578577de658aba8cbae4c0d106d85432da	src/components/AgriNewsScreen.tsx
86e3afe56d8265cfdd0c943efa5d91f31c9b1998	src/components/AgriculturalSupportScreen.tsx
813812c8edd9886134a5c2f96dd7394596bb94a2	src/components/AppDrawer.tsx
0f79309fd6ad966a3714db1c06bf87f899b61017	src/components/ClassicBottomNav.tsx
6ad00e80ac0f38d99391d1835c9f068ad8d9127e	src/components/FieldMap.tsx
5519140eb94c91d7200a74211cbe85a6754d8f07	src/components/GlobalPusulaBand.tsx
f9c1f72318d4c63153473f2b6d51d973268481a3	src/components/MarketPricesScreen.tsx
022a11149ea08668cc6933e2acfb5155ed74fe0a	src/components/PestGuideScreen.css
816c74b88428c69ee0469c09170361700d1585c0	src/components/PestGuideScreen.tsx
3161750499d87ff925d904cf99c0a0641f74b3c9	src/components/PestStoreScreen.css
57656f8951b7ea164003f1fdfb51b489ddedb95e	src/components/PestStoreScreen.tsx
f2b9b9584058e62cd5124eda397aeecfe674ef3e	src/components/PlantNutritionScreen.tsx
cad2d8407b844f314871ca413011b9caa6252d02	src/components/ProducerMarketScreen.tsx
da38bbb296f062dbd0612f0513ebdc0a97fc49f4	src/components/PusulaLoader.css
f25b605df74f3d657f289f15bc5070a0ec455ffd	src/components/PusulaLoader.tsx
ae6d566db812c95dbe7e2dd519ba778bc7f1846f	src/components/PusulaLoadingOverlay.css
512fc494e6a259b1dc6e32e099d631ff63f3ab92	src/components/PusulaLoadingOverlay.tsx
147479039ba6f4dcff47215022a5d32a59c24d7d	src/data/navigation.ts
363777df4fea5e6803f34e5c653cf0407ec96cfc	src/features/admin-mode/AppNotificationBridge.tsx
9d8b13704d1627e864dd3526ddb66b14a6c41bc7	src/features/admin-mode/InAppAdminMode.css
dd5ba74c5ecd9ef0ce8bd8333716e2e6a6d5cf61	src/features/admin-mode/InAppAdminMode.tsx
3444b0d23169f8f65bdabe45d9d84ea03eef9a2c	src/features/admin-mode/adminControl.service.ts
13cbeb091b235b67737af4bbc3e8d687a9e0d89b	src/features/content-admin/CandidateQueueSummary.tsx
62a26df41ada2b1f08148c16197fb454860a5929	src/features/content-admin/ContentAdminPanel.css
2343487c26085745dfa833e3ca0efd7e32d0deaf	src/features/content-admin/ContentAdminPanel.tsx
bb0058d66e1952c8d72b57e7c1a24b2e6edbe2e7	src/features/content-admin/ContentCoveragePanel.css
67344a833837caa49974f8eb20171fff1b05597e	src/features/content-admin/ContentCoveragePanel.tsx
eb01229688aa51f7c0b4aa7db9651b2b5543de62	src/features/content-admin/KnowledgeUpdateSuggestions.css
2471d32cf47a873ddb07c186fc340eae7250f407	src/features/content-admin/KnowledgeUpdateSuggestions.tsx
b1ebd43935b13ff5015857babf57c7a49ad4afe8	src/features/content-admin/SourceCenter.css
f013c3988889c7d0d5f2d9955aa42c1a47d639cc	src/features/content-admin/SourceCenterDashboard.tsx
9b534ef89c137a0dfa6c104493a57d7883644b39	src/features/content-admin/SourceScanBadge.tsx
960e385027cb93db3f4d934b467fa569f6f5a090	src/features/content-admin/services/contentAutoTagger.service.ts
3f3e16c1241b3f92092dafb6c35c9fa91f63aed7	src/features/content-admin/services/contentCandidateAi.service.ts
24049cfd78cb25d03c7c9c690e6f0517302437c9	src/features/content-admin/services/contentCandidateAudit.service.ts
0e050cede92d5c1295a56671aa71ec859e645dbb	src/features/content-admin/services/contentCandidateDb.mapper.ts
ef1d0ee3a1873459d1bc46c5e694afb1c2d05bb4	src/features/content-admin/services/contentCandidateDb.service.ts
14e816218a623063132ca63e2d6c5b16768f08c3	src/features/content-admin/services/contentCandidateDb.types.ts
cff5a6aa55b562086060db6382998e9372238065	src/features/content-admin/services/contentCandidateDecision.service.ts
6ff829faaedaa62952ef376a2e2d2cd0d029e5db	src/features/content-admin/services/contentCandidateEnrichment.service.ts
e820a6bd8aad40faa5346f920a9c7d23be1a1bb9	src/features/content-admin/services/contentCandidatePublicationBridge.service.ts
6e44186adf539825ff5cc850f447341f57753673	src/features/content-admin/services/contentCandidateQueueQuery.service.ts
39510784569bbc257cab83e978779bff25b96cc4	src/features/content-admin/services/contentCandidateTranslation.service.ts
0d483f67c352d8e46a991fb2b01ee8bca5d8ca8a	src/features/content-admin/services/contentCoverage.service.tsx
1e025212982cf62d866afeaec4be0359f433355b	src/features/content-admin/services/contentCrossVerification.service.ts
3bd41ea096d9edb3511f474c4b7761ff153f04c9	src/features/content-admin/services/contentEditorialRanking.service.ts
304771429e66e828f1f51e433d34b38585b4f86b	src/features/content-admin/services/contentEnrichedPipeline.service.ts
414c3046178183ae7c27f3563ec66b19f8ec27c4	src/features/content-admin/services/contentEventCluster.service.ts
25676722eb8e7851ad46e23578739915943efb6a	src/features/content-admin/services/contentFinalCandidate.service.ts
cb30d58a1ea2d584017f48cd91e4fd8dd8803f62	src/features/content-admin/services/contentFreeProcessing.service.ts
d110905d69572070208b22b18016d8afe45bc829	src/features/content-admin/services/contentFreeTranslation.service.ts
6560127b32b396adc185fdc25e64915bc19a7a83	src/features/content-admin/services/contentPublicationGuard.service.ts
988a8484bd9b44e55f80fcfbbf9051f6626b8326	src/features/content-admin/services/contentPublishingWorkflow.service.ts
cec202e9a250b7743a9603155d52192b27ab8f79	src/features/content-admin/services/contentReliabilityScore.service.ts
b0d648ae4fe43095d90a88a9f026afad01143fff	src/features/content-admin/services/contentSourceAdapter.types.ts
1f09ac6316be1887ddea70a49c1cf4b7f81265c6	src/features/content-admin/services/contentSourceAdapterRegistry.service.ts
4577fc83e2f3cc6095652c55ac623f46f34f29d6	src/features/content-admin/services/contentSourceAdmin.facade.ts
49104c3b7ecdec55b393530249f4aa385859ba0f	src/features/content-admin/services/contentSourceApi.adapter.ts
74939612c1d9b172e7c651113704470336e3fa54	src/features/content-admin/services/contentSourceCandidate.service.ts
510d041595f091b465efb99ee0a8a4eba9de6f13	src/features/content-admin/services/contentSourceDedupe.service.ts
08e39cb1b08bcd4927d8f9e24caf5c74f9ec41b2	src/features/content-admin/services/contentSourceNormalizer.service.ts
d7817e9f0b171af41e9ada370157124c6650ecc9	src/features/content-admin/services/contentSourcePipeline.service.ts
3753b052d79fc9651c50085e9ca2da812ce97364	src/features/content-admin/services/contentSourceQueueBridge.service.ts
79588ef4287faa1886b5327164d101ecff2f9287	src/features/content-admin/services/contentSourceReview.service.ts
a23a2f91247c9fbe02eb77024d2872fc60e769b6	src/features/content-admin/services/contentSourceRss.adapter.ts
b205aecb1362adde84ff002ef6555691f31371a1	src/features/content-admin/services/contentSourceRuntime.service.ts
47150e5a7cb22c589324a2d0e70072f90b716ab0	src/features/content-admin/services/contentSourceScanController.service.ts
cdd7f4f248ad4d520d20138de494f79c918f9e2a	src/features/content-admin/services/contentSourceScanState.service.ts
51bb775c7f866073396b3d12e6e94a95e964107d	src/features/content-admin/services/contentSourceScanner.service.ts
2665864ea0ae196ee2ead14558e1a6f8e30579f9	src/features/content-admin/services/knowledgeUpdateMatcher.service.ts
221583a35987357ac1b26aafedd7b5b48bab58d3	src/features/content-admin/services/knowledgeUpdateSuggestions.service.ts
f75700de87c75c5ba56ba74d4592e54370c0b12c	src/features/content-admin/services/producerFriendlySummary.service.ts
c728a49afe343cb747ae5e3d07d0a682122b868b	src/features/content-public/PublishedAgriNewsBridge.css
d3b8ede182821101098e0cb5df1f0131444c5872	src/features/content-public/PublishedAgriNewsBridge.tsx
749c358231f9fb16618dd2b0c32c88252747ce07	src/features/crop-mode/data/cropModeProfiles.ts
8e4d3f13943a3d3bc4b949a267e72ef5f97ca698	src/features/crop-mode/services/cropMode.service.ts
8895bcf42b45334d9f3c9d8bd316e94cb0aec176	src/features/crop-mode/services/cropModeDecisionPriority.service.ts
fed37bf9efb7d07480f7529087e0e40074f947a2	src/features/crop-mode/services/cropModePusula.service.ts
e0a6d2a3a70d2e0a692c60bfe6a24247103fd2dc	src/features/crop-mode/types/cropMode.ts
c9be0316f447bcb67248de392c79d0e6fb67f036	src/features/crop-rotation/components/CropRotationPanel.css
cfefd54834167532f7b44d24a4372198d1af6987	src/features/crop-rotation/components/CropRotationPanel.tsx
17672d4d6f3bd7d421f1c3eb75a5a2cc3ebf99ef	src/features/crop-rotation/data/cropRotationProfiles.ts
a06f608d2ec89825a4bb716c54b6f38aa92f4d07	src/features/crop-rotation/hooks/useCropRotationPlan.ts
5574a8fdea953143f2d307e79debe52ea0ae3409	src/features/crop-rotation/services/cropRotation.service.ts
c0283069c2d7746830b110c45bd2b4c99e1472c7	src/features/crop-rotation/services/cropRotationOptimization.service.test.mjs
638f517702bd4011d095fa569ebd644ffeaad0d6	src/features/crop-rotation/services/cropRotationOptimization.service.ts
923f6086d3297e8f323aca00fd77175c570a28f1	src/features/crop-rotation/types/cropRotation.ts
39253bc13ac6a8ac56d2eb9338b7aef6c8e3cf4d	src/features/data-backbone/hooks/useFieldDataBackbone.ts
a0bef05bdf62f9766a888d6f519d6fb5d9d7c21d	src/features/data-backbone/services/fieldDataBackbone.service.ts
4317bdf1e67ef718ed1d77478c4ce3d3cff64a3f	src/features/data-backbone/types/fieldDataBackbone.ts
7c4b6eedc01f874260248902aef150becc5bdeb7	src/features/decision/hooks/useHomeDecisionEngine.ts
e96b67a06b1042412a3b59d25a6c1d298e427c9e	src/features/decision/services/buildPlantHealthSynthesisDecision.ts
5df3bbe235df3d0d3e375be87428eff34a5fa1a3	src/features/decision/services/buildRiskRadarDecision.ts
2874e8ee4c82858308a755b9269498c496d2ccfb	src/features/decision/services/buildWeedDecision.ts
800f2346ee0d80444726dfbc520a552217f94fa6	src/features/decision/services/buildWeedSatelliteDecision.ts
6a15664a1bafe286aecd42e6c82fc74212af3c94	src/features/decision/services/homeDecisionEngine.ts
ab4610da193ef0fbfcccad790c0cc8a66c9ad8b5	src/features/decision/services/modelGateway.ts
d97c3e7fd440e4a832c316798a18368cc991f7de	src/features/decision/types/homeDecision.ts
88dc63bfa41a7defa80eb32a70eefb4a6f7f6f67	src/features/decision/types/modelGateway.ts
e93777f399683aacb3099141dd176dd3adbcef7e	src/features/disaster-recovery/hooks/useDisasterRecoveryContext.ts
9beff457d3b5980e30f538ceefe529d55f56d093	src/features/disaster-recovery/services/disasterRecovery.service.ts
7eed89b6f8df68bf0c33b67238714c0132c9ddf0	src/features/field-activities/hooks/useFieldActivities.ts
18195e2365fae354e07d7c81d3e8808ae3661b3a	src/features/field-detail/components/FieldGrowthStatus.tsx
43da14047df743cb534f627db8ca86a85e1fc6eb	src/features/field-detail/components/FieldScientificSignals.css
02edc6b1c242b49ff04280ca362b884cb2d56866	src/features/field-detail/components/FieldScientificSignals.tsx
3716dc5d8785954ed7d6e4ebfac25c4b1ce299ab	src/features/field-detail/hooks/useFieldActivities.ts
85684854879481b529ec1c5c2c8cd83109c0561c	src/features/field-events/components/PusulaFieldEventSheet.css
64dc7fc5b9a68bf117faebd2b1ba7a1544e14872	src/features/field-events/components/PusulaFieldEventSheet.tsx
158a21c0f91e48a07f5569ab6f44b0753ea6ac53	src/features/field-events/hooks/usePusulaFieldEventPrompt.ts
e3281fbbbe5b39af40336ce84ff0e5fa78f672c2	src/features/field-observations/components/FieldObservationPointsModal.tsx
f0847509a6b75b1351017733074680f374e647f9	src/features/field-operations/components/FieldOperationModal.tsx
caa0c7cd347e42aefe89882133a7390b58f6a39b	src/features/field-operations/services/fieldOperation.service.ts
6bf22860af862a4aabd2762ecd77766d934b6b33	src/features/field-status/components/FieldStatusCenter.css
fe12fce14b6cdfed8f2666cbba4d0543646a3286	src/features/field-status/components/FieldStatusCenter.tsx
8085b2885532d698b761b62a0d23b16e2229a9d3	src/features/field-workability/hooks/useFieldWorkabilityContext.ts
7b4c4c0012ebb4af20a7796a25aa586d9846662e	src/features/field-workability/services/buildFieldWorkabilityDecision.ts
d633b4fe8f56bde9c5154a5ba79bcf811ade2306	src/features/field-workability/services/fieldWorkability.service.ts
862a38ce31ac2fb496f00143737a0699a8e885cd	src/features/field-workability/types/fieldWorkability.ts
51f894cfa68d7638831a7e2466517ca626ccf87c	src/features/fields/components/HomeFieldsSheet.css
04c62547385908dcd7143f2cf539a8729f95c636	src/features/fields/components/HomeFieldsSheet.tsx
443d3cf0b32ca4fdff70048f3bbc8ad2774ff9f7	src/features/fields/hooks/useFieldRegistryController.ts
e50df6b2c16214b24880a4aa0a9d4a2ebbbda329	src/features/fields/services/cropVarietyCatalog.service.ts
24d5064bf1a33fedb8ce5b096603fe4e89135cf1	src/features/frost-pocket/hooks/useFrostPocketContext.ts
8da8fc74e3e05d64dd9ac41f043bd2d1d025a01c	src/features/frost-pocket/services/buildFrostPocketDecision.ts
f84e8f3ee18be03f0d7a6ee6ca793cd250cea02b	src/features/frost-pocket/services/frostPocket.service.ts
7cc939bed9a58a725335d32a8820722f46f035c5	src/features/frost-pocket/types/frostPocket.ts
7e85b545a0c8d293111fe2cd7b4adcb262d895e9	src/features/home/components/HomeQuickSheets.css
5f60b221ebdb69501fa4001d488cf6162aadaf06	src/features/home/components/HomeQuickSheets.tsx
fea599e7221f0896e49ab6e02bb3cc0e174d8fbf	src/features/home-map/HomeMapEngine.tsx
204288b87a0468f23e1ba1d102b8d4547548ef17	src/features/home-map/components/HomeMapSection.tsx
726466d5770982c35d25752efdb5ec6b75576994	src/features/home-map/components/HomeMapSectionMapFirst.tsx
ba4861706655a96ed3e17bacf2a71aa4026dce33	src/features/irrigation/components/IrrigationDecisionDetailModal.tsx
0f594e7eea69de1ce1ec0ac319ddd069567b3074	src/features/irrigation/components/IrrigationResultPanel.css
b2b2a45327223ae851aaa5100f6e0b85faa8bb48	src/features/irrigation/components/IrrigationResultPanel.tsx
e801e3bce33ddb1fe154875999a48ae8e8260796	src/features/irrigation/hooks/useHomeIrrigationDecision.ts
268f67b7de5c14d12118545ff2b491c20a026f0b	src/features/irrigation/services/cropWaterUse.service.ts
600d23fcf0068ad0f39795f31e06705bed82dde0	src/features/irrigation/services/irrigationClimate.service.ts
abf4037554c867c69464eeefa0501722e9fdf427	src/features/irrigation/services/irrigationDecision.service.ts
eaaee423840c55203c35dd20e1b636f2acd56550	src/features/irrigation/services/waterIntelligence.service.ts
33f019b01bfcd732eac8b75063cb28f456863177	src/features/irrigation/types/irrigationDecision.ts
425f316154b17c51bd48a6ac150f5188d98430e6	src/features/irrigation-distribution/hooks/useIrrigationDistributionContext.ts
1268513c208428a792d94c38023efea0df83b34c	src/features/irrigation-distribution/services/buildIrrigationDistributionDecision.ts
5ad2615dfa8f434659c55e845f3ca97039610777	src/features/irrigation-distribution/services/irrigationDistribution.service.ts
d046badb1be288c5c98e5035d085f3aed26f099a	src/features/irrigation-economics/components/IrrigationEconomicsPanel.tsx
4187a28943df5e5ba4eeec70c0d3e90009c36959	src/features/irrigation-economics/hooks/useIrrigationEconomicsContext.ts
b5c93223bf4f07bd56a5abefee2cc85c7a283533	src/features/irrigation-economics/services/buildIrrigationEconomicsDecision.ts
84732e79808521ba65ac903ce030942edba163c1	src/features/irrigation-economics/services/irrigationEconomics.service.ts
e940637751fda57c7ac4f6c64b3c56b3ba41de4e	src/features/irrigation-economics/types/irrigationEconomics.ts
dbadd6b8a1a2e88178054cfe82981c3d8b99578f	src/features/irrigation-satellite/hooks/useIrrigationSatelliteValidation.ts
a76d9a25baeb7bcc6d96f98ba15c132ed71bead3	src/features/irrigation-satellite/services/irrigationSatelliteValidation.service.ts
7a5ca18e34d4ab8af456fd67cbc035094e3613ce	src/features/knowledge/components/KnowledgeArticleRadar.tsx
9fcb1916b9cb935da76a1b6bd6f96ea0e55a2358	src/features/knowledge/components/KnowledgeLibrary.css
03d10cde83c1bd7243a630f9510f082fe63f6ca0	src/features/knowledge/components/KnowledgeLibrary.tsx
5f82c3ad6cdd33cf3a571beca75b55b1b03ed72c	src/features/knowledge/data/sources.ts
fe569c521a41f2b4b9b2e8094cda9ee673eb6706	src/features/map-data/components/MapDataDate.tsx
972511382b1de73c540dc2b5ccaa815e731648dd	src/features/map-opening/mapOpening.ts
13979f0a8d68b0529c752d72b09f7c15d156b111	src/features/microclimate/components/MicroclimateSensorPanel.tsx
7f16d6831dfb0ca53f7d6a4a58e78bde924d216b	src/features/microclimate/hooks/useMicroclimateSensorContext.ts
844e1ee2cb6265d38a44994f556736493f2b6624	src/features/microclimate/services/buildMicroclimateSensorDecision.ts
ca0aa65e553028255fd155ea2239bf21aa0e616c	src/features/microclimate/services/microclimateSensor.service.ts
70c5c21043e8287e274291f8e06a9bf243724a4c	src/features/microclimate/types/microclimateSensor.ts
8ba4632ba6e480482629d2d85a587969a9907a1b	src/features/multi-stress/services/buildMultiStressDecision.ts
d8ca8d3b47907298bc749f6d7fa1c0d6d14a3d07	src/features/multi-stress/services/multiStressPersistence.service.ts
12c9e8233e0d64ba1024ff89092f9bceda5602a3	src/features/multi-stress/services/multiStressSynthesis.service.ts
dfe48c546ae8bf7a5a1b576e49da8b25705ab49f	src/features/multi-stress/types/multiStress.ts
5906b3c76c846a35c1a23d18e8cea7c352f94088	src/features/notifications/components/SwipeDismissNotification.css
178d8babeec7f94a1ca7ddc1b545275a0b28e2cb	src/features/notifications/components/SwipeDismissNotification.tsx
c0110c5cb107ef7ab35eb163477de9f8e785ed5e	src/features/notifications/hooks/usePhenologyStageChangeNotification.ts
7268d52ca2d4f28d9f7abeb43bec4c277a3dba28	src/features/notifications/services/notificationInboxState.service.ts
a94bc89efa92d08643ef01e013df33844dee365a	src/features/notifications/services/notificationTaskBridge.service.ts
43a0ceb618e0fa36e4b1143cb04c381d1158d714	src/features/nutrition/hooks/useHomeNutrientContext.ts
b4b6069d2691e3150034c600ba6cc517799cece2	src/features/nutrition/services/buildNutrientDecision.ts
f112aef3a70687836bab0ea7edebcdf605bbf571	src/features/nutrition/services/buildNutrientDifferentialDecision.ts
89779ed368d2bb360ec5b155b21c7ff1b7f27fb0	src/features/nutrition/services/localNutrientContext.service.ts
6d767661830902122c31c04ab6f185153f92c48d	src/features/nutrition/services/nutrientDifferentialDiagnosis.service.ts
9c607e1ade34aa111ce4d16e48d030aa2bb78262	src/features/nutrition/services/nutrientProductionDecisionGuard.service.ts
6505f035ac2fed34488c2352c5ecfa281efbc6db	src/features/nutrition/services/nutrientPusulaGuard.service.ts
f3497305448a0ea668090c17f2beb9c5e8f59c29	src/features/nutrition/services/nutrientZoningReadiness.service.ts
5cda52c6d5e11d58f82f5c0b6b49032393789c18	src/features/nutrition/services/nutritionIntelligence.service.ts
cb8dc33d8b0598d84d510df60f7d08a4eb3d48d3	src/features/nutrition/services/pysticsRuntime.service.ts
420838e0beecc0fa3bd9cb98d1c9530f5d99e7ba	src/features/nutrition/services/soilIntelligence.service.ts
62c4cc7fe22c98d6fe1559e43539f3171f526ff2	src/features/nutrition/types/homeNutrientSignal.ts
8bff3eef54bf9a07f4f6fdb606dfe8d70d614f63	src/features/orchard/components/OrchardTreePanel.css
4a204aa6ec4796a55c1e84131768849c80104ceb	src/features/orchard/components/OrchardTreePanel.tsx
4e11fb15f935735de312c432cee4580995b903a5	src/features/orchard/hooks/useOrchardTreeContext.ts
54b7c10442df4b4469a710bbd4a6ea16a32ca5e5	src/features/orchard/services/buildOrchardDecision.ts
06f5679653528e124a984151473e42e93c0c1920	src/features/orchard/services/orchardIntelligence.service.ts
c98dbe66eccdf1a9b9a145fff8cd694979d0a573	src/features/orchard/services/orchardTree.service.ts
de5a4dff92642db319c92a05c364420fec19591a	src/features/orchard/types/orchardTree.ts
6164137cce1e3ba9d2feb73e9763343da33f30d4	src/features/orchard-chill/components/OrchardChillPanel.css
2720ce1e1485d474cdd23315a73b868c949d1b88	src/features/orchard-chill/components/OrchardChillPanel.tsx
9cb389083b70654997b94c83ea4f139081df3468	src/features/orchard-chill/hooks/useOrchardChill.ts
5cd8670a3165b4dab1533d3124b128a2a539a0d9	src/features/orchard-chill/services/chillModels.test.mjs
67a1f20bc1150595b3b6c94d067d7836dc7af1ac	src/features/orchard-chill/services/chillModels.ts
086963874f18d7772aa6b9c238dcbd3ed74c1f29	src/features/orchard-chill/services/orchardChill.service.ts
a219ce062bdac2ec562e321cc767e78e4c1dfba7	src/features/orchard-chill/types/orchardChill.ts
1db5e6c97624cfaa908494027b5c37ed418849df	src/features/orchard-fruit-load/components/FruitLoadRadarPanel.css
6744427db3daf6abe9fea4e21c921540579fb415	src/features/orchard-fruit-load/components/FruitLoadRadarPanel.tsx
c5eec4fbf728bfe1d96e35924a8b7e794153a25b	src/features/orchard-fruit-load/hooks/useFruitLoadRadar.ts
40c2e19868b8c5497dbc134e1f86830a27313a25	src/features/orchard-fruit-load/services/fruitLoadRadar.service.ts
193c6f7483805b9e3f9bcb72a6b4a3075bb5394c	src/features/orchard-fruit-load/services/fruitLoadRadar.test.mjs
9cea4ce9bc2910e27931612562c66b37eaf10e40	src/features/orchard-fruit-load/types/fruitLoadRadar.ts
d3a58e3e529b829b0e4155d89fa18183df5f1408	src/features/orchard-harvest-readiness/components/HarvestReadinessPanel.css
b481f189a708828a6a549952e302bec6a8f06bc3	src/features/orchard-harvest-readiness/components/HarvestReadinessPanel.tsx
0a04f763f67129da46bff53dab9dba44f0875346	src/features/orchard-harvest-readiness/hooks/useHarvestReadiness.ts
7faa4dc33efc89306bbd06b1bd39f1e3cbdfed3d	src/features/orchard-harvest-readiness/services/harvestReadiness.service.ts
ab9aaf2f12b10f48f0d83e32d79354121e576124	src/features/orchard-harvest-readiness/services/harvestReadiness.test.mjs
7a8bd74ae314140657095c52d547ba1d25595afe	src/features/orchard-harvest-readiness/services/harvestWeather.service.ts
e4a4f52c6c94dd7939777273f74a4c4d52677cf7	src/features/orchard-harvest-readiness/types/harvestReadiness.ts
f23fc73a4ffbc7c5d4954e783d372cab45c4adc2	src/features/orchard-pollination/components/PollinationWindowPanel.css
616c352ea0d2e5f966e6f9861b5ab6b9cbf5cebe	src/features/orchard-pollination/components/PollinationWindowPanel.tsx
a8870aecac30cf8d4345475c1aa211eadf212e67	src/features/orchard-pollination/hooks/usePollinationWindow.ts
763b5962386c6a16210093425c1be736d00fd793	src/features/orchard-pollination/services/pollinationWindow.service.ts
589da9c8e4275d8e27457cff805325858d8e4dd3	src/features/orchard-pollination/services/pollinationWindow.test.mjs
0189898181958f88fd589a0f688e925fec54a729	src/features/orchard-pollination/types/pollinationWindow.ts
9ea187fde5bba834d6062f19b3f758d3ca403d9a	src/features/orchard-quality/components/OrchardQualityPanel.css
e41d957491fdc0fd94672a57ffc4b63847560317	src/features/orchard-quality/components/OrchardQualityPanel.tsx
d87f97aeed1e2ebe56904700a2b07e8f64ff1d36	src/features/orchard-quality/services/orchardQualitySummary.service.ts
48fd31f5038fbe3e937244f8628a947edd0f5bd1	src/features/orchard-quality/services/orchardQualitySummary.test.mjs
65df3a55ce159b157b90bedf86a373759b46004e	src/features/orchard-quality/types/orchardQuality.ts
85a29ccf7d3fd6b10c885889a5924673ac746af2	src/features/orchard-tracking-zones/components/OrchardTrackingZoneMapUi.css
acab271e752015968acf82af7b342d52a3873c49	src/features/orchard-tracking-zones/components/OrchardTrackingZonesPanel.css
36b4c93bd1ad27ad3a14835915f3c684c5349b59	src/features/orchard-tracking-zones/components/OrchardTrackingZonesPanel.tsx
b80679651eec1bf79ef76614832e974812e3cd43	src/features/orchard-tracking-zones/hooks/useOrchardTrackingZones.ts
b7f86749c7d5d6dfe745f809dd8f794cb1058512	src/features/orchard-tracking-zones/services/orchardTrackingZone.service.ts
770b638198a3384f6df5749e12cd9cb541685bb2	src/features/orchard-tracking-zones/types/orchardTrackingZone.ts
764ff9d8c370907a09b330ed5658309653f01d23	src/features/orchard-tree-priority/components/OrchardTreePriorityPanel.css
2fee4781fa7822dfff02a6ad900295ca8cd7b077	src/features/orchard-tree-priority/components/OrchardTreePriorityPanel.tsx
5fd591f4ef979e8b95f39e872e7a268f34993780	src/features/orchard-tree-priority/services/orchardTreePriority.service.ts
c782ee9251950a031f99e96bc19f080f09a6380f	src/features/orchard-tree-priority/services/orchardTreePriority.test.mjs
df183b233f6e97ca821b5c109b6776484f1c30c9	src/features/orchard-tree-priority/types/orchardTreePriority.ts
9411c7d0f2d82564c252116bb0607b670d84698f	src/features/phenology/hooks/useHomePhenologyInsight.ts
274e5ab60fd60cea9abf9f6dad1afa4b746b449d	src/features/phenology/services/fieldGrowthObservationAuthority.service.ts
4919c096cff481ba9bdb4a77d5f7cb95c8c6042b	src/features/phenology/services/fieldPhenologySnapshot.service.ts
82e91eb371e4b0d5aeda342002b7ee968172553d	src/features/phenology/services/pcsePhenologyEvidence.service.ts
df227c1ae30b280239e632eca86878423a5ed8a6	src/features/planting-window/components/PlantingWindowPanel.css
e3973e167e39272f4d59c9334785c4867b5157ea	src/features/planting-window/components/PlantingWindowPanel.tsx
1c998728e46355c0da2be073e55344efedda995c	src/features/planting-window/services/plantingWindow.service.ts
577db95f1065c809e7c2a9cea3c724e43dcdb401	src/features/planting-window/services/plantingWindowDecision.service.ts
1feadbfd336b2b5e39f5db31d2058d3b78d8c073	src/features/planting-window/types/plantingWindow.ts
674c8c0e41eaba9c14f309db08b2cc68c5050b5d	src/features/pusula/components/HomeMapPusulaStrip.tsx
a37ecae6d3437f0b131e994c8d758651e439789f	src/features/pusula/hooks/useHomePusula.ts
4e8a70692c744b1a44121952bd6989ca402cfc06	src/features/pusula-pdf/services/pusulaPdfBackboneEvidence.service.ts
10aec099e7f37778fba3a0c9957e05a14246a037	src/features/pusula-pdf/services/pusulaPdfDecisionEvidence.service.ts
3dfacb79c586ea8c94b013ac12a87590490ffd8f	src/features/pusula-pdf/services/pusulaPdfFieldWorkabilityEvidence.service.ts
5c50191d17d324365d953e97a0aa495644212eeb	src/features/pusula-pdf/services/pusulaPdfFrostPocketEvidence.service.ts
49f1afb07d9607d8c4a8ce5ad081824c583f14fa	src/features/pusula-pdf/services/pusulaPdfInsights.service.ts
fb16f42d2ded7473b4274c80195ee3dcf742671e	src/features/pusula-pdf/services/pusulaPdfIrrigationDistributionEvidence.service.ts
954f0baa63c37554cce3f9d345507f210c5f359c	src/features/pusula-pdf/services/pusulaPdfIrrigationEconomicsEvidence.service.ts
83788b4b4b0b1e5815b9b82ced1933316a9c290e	src/features/pusula-pdf/services/pusulaPdfJob.service.ts
105f8f033ba100c61549e091aac17759488f4d33	src/features/pusula-pdf/services/pusulaPdfMicroclimateEvidence.service.ts
8524e63eaed3747a30780f427fe134a16e0c0252	src/features/pusula-pdf/services/pusulaPdfMultiStressEvidence.service.ts
3a6ddb8f00315d6f5d06730fb02070a8d9d0e253	src/features/pusula-pdf/services/pusulaPdfOrchardChillEvidence.service.ts
96aba7896e399b83a60a538bd2a272af312d75d6	src/features/pusula-pdf/services/pusulaPdfOrchardEvidence.service.ts
3b4e474fb365d35c8fa08d86486d2373e45bba85	src/features/pusula-pdf/services/pusulaPdfRenderer.service.ts
36248e63da6751cb2498b6bd686164de2ded1724	src/features/pusula-pdf/services/pusulaPdfStorageRiskEvidence.service.ts
19d29dc20805ab179238202d2798366cd7ad9931	src/features/pusula-pdf/services/pusulaPdfTaskMapEvidence.service.ts
19768398d1950160c8e6f90b6ee68f5fd0cc8877	src/features/pusula-pdf/services/pusulaPdfWaterScarcityEvidence.service.ts
bbe37862a3d031ab698c66835fb2977a90ebc83f	src/features/pusula-pdf/services/pusulaPdfYieldHarvestEvidence.service.ts
02c25aee7c3de042b83170f784ef644379d6698c	src/features/regional-risk/services/regionalPestDiseaseRadar.service.ts
dee77a951e8074df70c3c9a753134120ac5337d2	src/features/regional-risk/types/regionalPestDisease.ts
bae54675b3b6785ae19a89e47f0f9abd807029d4	src/features/risk-climate/services/climateAnomalyMemory.service.ts
42ea6e566dea8cbfcda66a1f768f4825faed54eb	src/features/risk-climate/services/climateAnomalyPusula.service.ts
5449910fe7474346fc036aa1325ac6569a3b21bc	src/features/risk-climate/services/cropPhenologyRiskSensitivity.service.ts
0b43e5bc4fc14e529edfd34ea0b9a1f3b29be8ae	src/features/risk-climate/services/riskClimateIntelligence.service.ts
1abf1a1d880dfb70757085ebe7e2a99b07f90f5f	src/features/risk-climate/services/riskDecisionStream.service.ts
008fe8ae1ab61bf325b372ef87d0519d54902bd6	src/features/risk-climate/services/worldClimReference.service.ts
afe9174cda409ce57b09396ac6ae0d8a981e6bad	src/features/risk-climate/types/riskClimateIntelligence.ts
0837aed4884e84a13f2f51484f94c5899e5b7104	src/features/satellite/hooks/useActiveProductionValidation.ts
fe1e3086c1f9337ec7e976791de903cededfd772	src/features/satellite/services/buildHomeSatelliteDecision.ts
551e7e00779a49e51249241e993dbd45eb623e7e	src/features/satellite/services/buildNdviAnomalyDecision.ts
643cf96c07c4fb1e54267b2486338407a8c8c975	src/features/satellite/types/homeSatelliteSignals.ts
9d5ac8a447c1321f2e91c12d9b73620e5c2efd7f	src/features/scientific-engine/data/scientificEngineRegistry.ts
9732ab282a02de7cf13903d947c01f57a262869f	src/features/scientific-engine/services/scientificArchitecture.service.ts
1b6e3c7f5cbc184a6dc29532219f702a5ffa0913	src/features/scientific-engine/services/scientificAuthority.service.ts
58a948c39927356e954a3cdeb6e60d95ec9743ed	src/features/scientific-engine/services/scientificEngineRegistry.ts
b56ed32c94e710ece6a998a71c276d786c5e29e7	src/features/scientific-engine/services/scientificEvidence.service.ts
e8ec8d8642357503eb9f23a130de39db7ed781d9	src/features/scientific-engine/types/scientificEngine.ts
4b10867afcc017554ad5782dce8756aa805de368	src/features/storage-risk/components/StorageRiskPanel.tsx
756d0113bdd627cbbc738bce2b0d30dfc2d2aa9d	src/features/storage-risk/hooks/useStorageRiskContext.ts
abdfe17f14dec3ecae71d301586dfe3a03a2370f	src/features/storage-risk/services/buildStorageRiskDecision.ts
449ead709064bb59a5d1f573fb919f9489804dc3	src/features/storage-risk/services/storageRisk.service.ts
5a6315bca481c38ab8c3e320952d41c611b43a0d	src/features/storage-risk/types/storageRisk.ts
85b5a6070feb641b278eb87285e7d972d6c3ed02	src/features/system-health/SystemHealthPanel.css
c3e3c6073238dddcaf3a6b6492d68d55bc48db2d	src/features/system-health/SystemHealthPanel.tsx
11fc86517d0b1c745895b98b6632a6661610fab1	src/features/task-map/components/TaskMapPanel.css
506914dcb11cfcf958d9b3c1954931a7f7d3053c	src/features/task-map/components/TaskMapPanel.tsx
d8be4343c2b8b89feb92632da4a544de94c780c5	src/features/task-map/services/taskMap.service.ts
42db56ed93e92a72630fd12bfd0f4f890fd864fc	src/features/task-map/types/taskMap.ts
cf2313cf45090b6e686b233b0a1beee18e3838da	src/features/tasks/components/HomeTasksSheet.tsx
0c934bad96948b0929afbcdf617fb4848b175bb5	src/features/tasks/hooks/useFieldTasks.ts
40a8d4311d34b2bc74720a371ec1045587eef81d	src/features/tasks/services/fieldTasks.service.ts
c038940b670918c7d281a3745bcec4ff2af905e5	src/features/water-scarcity/components/WaterScarcityPlanPanel.tsx
74d06b07ecc20f3c6d852b869696188dca0418a8	src/features/water-scarcity/hooks/useWaterScarcityPlanContext.ts
841ae7fc7ea7de5d63d8af78e75244401d91287c	src/features/water-scarcity/services/buildWaterScarcityDecision.ts
8109e784e01d97df5358761e588814f2fcf6ad2f	src/features/water-scarcity/services/waterScarcityPlan.service.ts
2d5f37d0677730520a94881c0a035778ebe3d2fd	src/features/water-scarcity/types/waterScarcity.ts
1e51ca969e862822da947e069dbcebac1da18376	src/features/weed/hooks/useWeedSoilContext.ts
68aa4e91abf502c34ed4f43e67f1ebb8782877d8	src/features/weed/services/weedIntelligence.service.ts
4dccaf897ed801e7d2ce07f5c644bf36a0cbbaf8	src/features/weed/services/weedSatelliteIntelligence.service.ts
0f2718372347ad79b8ac9fe9f2648e04fd84be9e	src/features/weed/services/weedSoilClue.service.ts
dd222422fab2e483d9bffef9e59793d9cb5cfc08	src/features/yield-quality/hooks/useFieldYieldHarvestQuality.ts
6a9dbb33e2829b6bc5b48567f3e673475fbe6964	src/features/yield-quality/services/buildYieldHarvestDecision.ts
d618839f00f6f602b48c5ab56a139bb8d6460546	src/features/yield-quality/services/fieldYieldHarvestQuality.service.ts
8fd280cf03a3673edfed1dd5d31079e6955e1e85	src/features/yield-quality/services/harvestQualityLabel.service.ts
bf4d4f744705ee6a3f6d2a2e28a72aee3bcab5ff	src/features/yield-quality/services/harvestQualityMeasurement.service.ts
2fe77a4ad4f7a68731fae321758381926389ad82	src/features/yield-quality/services/yieldHarvestEnsemble.service.ts
40a139ad46ef25cf2d5ec4be43f05ac5205ccbe3	src/features/yield-quality/services/yieldHarvestEvidence.service.ts
e9911ec0af0988973428fa841c4c6544dc15d06d	src/features/yield-quality/services/yieldHarvestQuality.service.ts
403af9d57d3c73053647077a69153e2883527d53	src/features/yield-quality/types/fieldYieldHarvestQuality.ts
84b8765e709924f9aab598a9be290fbfcd9bf3b1	src/features/yield-quality/types/yieldHarvestEvidence.ts
3e90125df2481678bd1d5840229e0c332c7794a3	src/features/yield-quality/types/yieldHarvestQuality.ts
38acf89fb267b29cd8c7fc96cfb89c2609c11396	src/lib/monitoring.ts
ed8f8df941b2dc23c23d5babb3828951ed6f873d	src/lib/parcelService.ts
69cdb8b807f72f9a516ea6ffa5da156f3e24787f	src/lib/pusulaFieldContext.ts
b00638c8323b7f18d60fdf570cbe741268458bb0	src/lib/soilAnalysisService.ts
9390ea010431e9a0d4a7b1be37a57eb0f4f7e48d	src/main.tsx
59b06434d177ef5f0f590a6ae23e342a02f13cb6	src/pages/AddFieldMobile.css
9af6dd9dca2d7a6c6df8eee3e54c04f519ca017f	src/pages/AddFieldScreen.tsx
433da526449a6c02f7f05f6b003ede7f472a69d2	src/pages/AiAnalysis/AiAnalysisScreen.tsx
d2307845dab47f5d1b0e3ee7f7dd23d259616907	src/pages/Auth/Auth.css
a4e61e244aaddd9144998cd832e4d464f2e36c2c	src/pages/Auth/AuthScreens.tsx
b270f5be99265a5b7e74803e1652b38bf2dc93d1	src/pages/DemMap/DemMapScreen.tsx
8c3846b9e0fa9fd8ad3bf66975ec72809dea26b6	src/pages/FieldDetailLayout.css
f8069467a35a82e6d7fbf562e1f66d99e3a7573b	src/pages/FieldDetailScreen.tsx
720d5edd0a4f30df4f8d86739ac44ac9f2b272c4	src/pages/Home/HomeScreen.css
fc058738d18dd8cafd2408aa09fcc21f2c293caf	src/pages/Home/HomeScreen.tsx
671494b93ed9e0767e04bcdd30e813c560217a81	src/pages/Notifications/NotificationsHubScreen.css
41c3916c91a6305b19a33416eb2dd86b32f82a08	src/pages/Notifications/NotificationsHubScreen.tsx
27ba42209901cb068f61a1ed83fa61763abe479c	src/pages/Onboarding/Onboarding.css
53210c1866817212f7c5a6aec37f015d2f9f7616	src/pages/Onboarding/OnboardingScreen.tsx
d20e3c39ca548aac45dd05c797bd090717c5a5ee	src/pages/Onboarding/ReadyScreen.tsx
1837fcbe320f875dff77c0a7e506dedcc8e37b37	src/pages/SoilAnalysis/SoilAnalysisPage.tsx
c387d4d6cfe34afdb61a99a3015a3b641cb783d0	src/pages/UnifiedMap/UnifiedMapScreen.tsx
5017e84e909898dba65046c4be8a84ad8310a2e2	src/pages/Weather/WeatherHubScreen.tsx
fc3d429509251950ee7aa557b6a0e2fe0742e125	src/services/fieldBiophysicsInsight.service.ts
748d181ee5556ea2ed423c6555306f53d76b2c6b	src/services/fieldContextSnapshotService.ts
dafba9c2aa4ee9e3fcd83fe41ba88f78d955b473	src/services/fieldScientificSignals.service.ts
315878246c49f004804920d446d04d8f4dda3101	src/services/fieldService.ts
23dc453afdfd754d7dc4ece5d30b521dc73b3a01	src/services/locationService.ts
3ce5c4c412ac02a77e1feb7a3636aeb1feb751c5	src/services/pusulaContextRegistry.ts
cd208e84979c52f871bdebe12df12eaf351af7ed	src/services/pusulaContextService.ts
bab8b769c042d1c860e19f602d1841e6f6d5e6e0	src/services/pusulaDailyBrief.ts
f8bf239033f00d4bf9635e7b206c7e86c8dea7d0	src/services/riskRadarService.ts
d937438aac925ff819bef8c169b21c87ec4960ce	src/services/unifiedMapAiService.ts
b649535b83cafba036ab904dbfaabe24e777478a	src/services/weatherService.ts
688a82eb7b7a5f42fe4d103e76a5f0bb17600074	src/styles/MonochromeUI.css
f4611cd495cf0efde542a1938d04f88bdd768815	src/styles/WhiteAppTheme.css
f7e8f9b5bad4ee046d7f4ea00a60f632c8dee59a	src/types/index.ts
b7f325a649ba6abca698e670f82817d87815e2f5	src/ui/brand/PusulaMark.css
ffb1e616b65e83d5ddb6187acb35d4a9a7cf78bc	src/ui/brand/PusulaMark.tsx
7efa5867d5b962a50cbc6918b72113d67caa9f9f	src/ui/brand/index.ts
005d6eef8e2cf8e69851d07e5b6ef5c8867768e7	src/ui/index.ts
38c6a28166eb4197f4604261d1b4eb367592bb34	src/ui/layout/Page.tsx
035afda5bba452a777b4d9cd30a5e09ffbda0d94	src/ui/layout/Section.tsx
45a880dad80dd5218631a8e0f54e3ef6e0bc539b	src/ui/layout/Stack.tsx
f26603712c3ad55bd0e76bc76f3cf73181353fc1	src/ui/primitives/Button.tsx
9b300e54747942074a82f13f43daef5ee3f95cb0	src/ui/primitives/Card.tsx
ae375c1248aefd4ac4201bc66335e3ffdfe3e885	src/ui/primitives/IconButton.tsx
c513bf35b5845a9b554270b6bb9674716f69a558	src/ui/primitives/Input.tsx
d6eb600c330dc6a6ffd4a0d916b6b53b1be8122e	src/ui/primitives/Select.tsx
994991fc8aa58d530ce64586986f4263609973b4	src/ui/tokens/colors.css
2c36dd5c15e6f0a75368d7f61a331454818547d4	src/ui/tokens/index.css
47224ec9db1df997b2e5588ca46030e8ab387ed6	src/ui/tokens/motion.css
0a2347de0d1148e004433bccae12e3dedf903075	src/ui/tokens/radius.css
398f709779718f3289e60e35036f06d4a6f11f24	src/ui/tokens/shadows.css
f4c8b93492ad2ad2cec857796cdf28b0eb0cddae	src/ui/tokens/spacing.css
40c55c123d5a964dcf80f81901cb8adfcaeb53e1	src/ui/tokens/typography.css
bd31b9b31cd13e800a73b21d501c264dc10b9d4e	src/ui/ui.css
9f5bb85cd7479839235cc89e035cf2a0b27f6cbf	workers/Dockerfile
21d53455e420a506e3c2f246a6658b50453df3ce	workers/mqtt-bridge/.env.example
0ebacd403cb642dbf60ee65cfd9bdd70d6f65bcf	workers/mqtt-bridge/index.mjs
6f1bf100c29c469d09fe31fb1fff2633bf059c94	workers/mqtt-bridge/package.json
9f5bb85cd7479839235cc89e035cf2a0b27f6cbf	workers/pystics-worker/Dockerfile
8f862c204bbdd462d99593ba2e71ca78dd9ce14a	workers/pystics-worker/README.md
eb5c41d11a1b8ba1e5d0066258a1723eadb9eb57	workers/pystics-worker/app.py
3bc3615794d7b10551c92429f4cec2726443ff19	workers/pystics-worker/calibration/README.md
4f788895fe8b62fea84bcbafb1ecdb81a3ed8fd1	workers/pystics-worker/calibration/profiles.json
e381337600603dc96b2feaa5b2f9d7dbc4d97767	workers/pystics-worker/calibration/requirements.txt
e381337600603dc96b2feaa5b2f9d7dbc4d97767	workers/pystics-worker/requirements.txt
